name	DSC01396.JPG	DSC01397.JPG	DSC01398.JPG	DSC01399.JPG	DSC01400.JPG	DSC01401.JPG	DSC01402.JPG	DSC01403.JPG	DSC01404.JPG	DSC01405.JPG	DSC01406.JPG	DSC01407.JPG	DSC01408.JPG	DSC01409.JPG	DSC01410.JPG	DSC01411.JPG	DSC01412.JPG	DSC01413.JPG	DSC01414.JPG	DSC01415.JPG	DSC01416.JPG	DSC01417.JPG	DSC01418.JPG	DSC01419.JPG	DSC01420.JPG	DSC01421.JPG	DSC01422.JPG	DSC01423.JPG	DSC01424.JPG	DSC01425.JPG	DSC01426.JPG	DSC01427.JPG	DSC01428.JPG	DSC01429.JPG	DSC01430.JPG	DSC01431.JPG	DSC01432.JPG	DSC01433.JPG	DSC01434.JPG	DSC01435.JPG	DSC01436.JPG	DSC01437.JPG	DSC01438.JPG	DSC01439.JPG	DSC01440.JPG	DSC01441.JPG	DSC01442.JPG	DSC01443.JPG	DSC01444.JPG	DSC01445.JPG	DSC01446.JPG	DSC01447.JPG	DSC01448.JPG	DSC01449.JPG	DSC01450.JPG	DSC01451.JPG	DSC01452.JPG	DSC01453.JPG	DSC01454.JPG	DSC01455.JPG	DSC01456.JPG	DSC01457.JPG	DSC01458.JPG	DSC01459.JPG	DSC01460.JPG	Na	DSC01462.JPG	DSC01463.JPG	DSC01464.JPG	DSC01465.JPG	DSC01466.JPG	DSC01467.JPG	DSC01468.JPG	DSC01469.JPG	DSC01470.JPG	DSC01471.JPG	DSC01472.JPG	DSC01473.JPG	DSC01474.JPG	DSC01475.JPG	DSC01476.JPG	DSC01477.JPG	DSC01478.JPG	DSC01479.JPG	DSC01480.JPG	DSC01481.JPG	DSC01482.JPG	DSC01483.JPG	DSC01484.JPG	DSC01485.JPG	DSC01486.JPG	DSC01487.JPG	DSC01489.JPG	DSC01490.JPG	DSC01491.JPG	DSC01492.JPG	DSC01493.JPG	DSC01494.JPG	DSC01495.JPG
PrintImageMatching	b'PrintIM\x000300\x00\x00\x03\x00\x02\x00\x01\x00\x00\x00\x03\x00"\x00\x00\x00\x01\x01\x00\x00\x00\x00\t\x11\x00\x00\x10\''	b'PrintIM\x000300\x00\x00\x03\x00\x02\x00\x01\x00\x00\x00\x03\x00"\x00\x00\x00\x01\x01\x00\x00\x00\x00\t\x11\x00\x00\x10\''	b'PrintIM\x000300\x00\x00\x03\x00\x02\x00\x01\x00\x00\x00\x03\x00"\x00\x00\x00\x01\x01\x00\x00\x00\x00\t\x11\x00\x00\x10\''	b'PrintIM\x000300\x00\x00\x03\x00\x02\x00\x01\x00\x00\x00\x03\x00"\x00\x00\x00\x01\x01\x00\x00\x00\x00\t\x11\x00\x00\x10\''	b'PrintIM\x000300\x00\x00\x03\x00\x02\x00\x01\x00\x00\x00\x03\x00"\x00\x00\x00\x01\x01\x00\x00\x00\x00\t\x11\x00\x00\x10\''	b'PrintIM\x000300\x00\x00\x03\x00\x02\x00\x01\x00\x00\x00\x03\x00"\x00\x00\x00\x01\x01\x00\x00\x00\x00\t\x11\x00\x00\x10\''	b'PrintIM\x000300\x00\x00\x03\x00\x02\x00\x01\x00\x00\x00\x03\x00"\x00\x00\x00\x01\x01\x00\x00\x00\x00\t\x11\x00\x00\x10\''	b'PrintIM\x000300\x00\x00\x03\x00\x02\x00\x01\x00\x00\x00\x03\x00"\x00\x00\x00\x01\x01\x00\x00\x00\x00\t\x11\x00\x00\x10\''	b'PrintIM\x000300\x00\x00\x03\x00\x02\x00\x01\x00\x00\x00\x03\x00"\x00\x00\x00\x01\x01\x00\x00\x00\x00\t\x11\x00\x00\x10\''	b'PrintIM\x000300\x00\x00\x03\x00\x02\x00\x01\x00\x00\x00\x03\x00"\x00\x00\x00\x01\x01\x00\x00\x00\x00\t\x11\x00\x00\x10\''	b'PrintIM\x000300\x00\x00\x03\x00\x02\x00\x01\x00\x00\x00\x03\x00"\x00\x00\x00\x01\x01\x00\x00\x00\x00\t\x11\x00\x00\x10\''	b'PrintIM\x000300\x00\x00\x03\x00\x02\x00\x01\x00\x00\x00\x03\x00"\x00\x00\x00\x01\x01\x00\x00\x00\x00\t\x11\x00\x00\x10\''	b'PrintIM\x000300\x00\x00\x03\x00\x02\x00\x01\x00\x00\x00\x03\x00"\x00\x00\x00\x01\x01\x00\x00\x00\x00\t\x11\x00\x00\x10\''	b'PrintIM\x000300\x00\x00\x03\x00\x02\x00\x01\x00\x00\x00\x03\x00"\x00\x00\x00\x01\x01\x00\x00\x00\x00\t\x11\x00\x00\x10\''	b'PrintIM\x000300\x00\x00\x03\x00\x02\x00\x01\x00\x00\x00\x03\x00"\x00\x00\x00\x01\x01\x00\x00\x00\x00\t\x11\x00\x00\x10\''	b'PrintIM\x000300\x00\x00\x03\x00\x02\x00\x01\x00\x00\x00\x03\x00"\x00\x00\x00\x01\x01\x00\x00\x00\x00\t\x11\x00\x00\x10\''	b'PrintIM\x000300\x00\x00\x03\x00\x02\x00\x01\x00\x00\x00\x03\x00"\x00\x00\x00\x01\x01\x00\x00\x00\x00\t\x11\x00\x00\x10\''	b'PrintIM\x000300\x00\x00\x03\x00\x02\x00\x01\x00\x00\x00\x03\x00"\x00\x00\x00\x01\x01\x00\x00\x00\x00\t\x11\x00\x00\x10\''	b'PrintIM\x000300\x00\x00\x03\x00\x02\x00\x01\x00\x00\x00\x03\x00"\x00\x00\x00\x01\x01\x00\x00\x00\x00\t\x11\x00\x00\x10\''	b'PrintIM\x000300\x00\x00\x03\x00\x02\x00\x01\x00\x00\x00\x03\x00"\x00\x00\x00\x01\x01\x00\x00\x00\x00\t\x11\x00\x00\x10\''	b'PrintIM\x000300\x00\x00\x03\x00\x02\x00\x01\x00\x00\x00\x03\x00"\x00\x00\x00\x01\x01\x00\x00\x00\x00\t\x11\x00\x00\x10\''	b'PrintIM\x000300\x00\x00\x03\x00\x02\x00\x01\x00\x00\x00\x03\x00"\x00\x00\x00\x01\x01\x00\x00\x00\x00\t\x11\x00\x00\x10\''	b'PrintIM\x000300\x00\x00\x03\x00\x02\x00\x01\x00\x00\x00\x03\x00"\x00\x00\x00\x01\x01\x00\x00\x00\x00\t\x11\x00\x00\x10\''	b'PrintIM\x000300\x00\x00\x03\x00\x02\x00\x01\x00\x00\x00\x03\x00"\x00\x00\x00\x01\x01\x00\x00\x00\x00\t\x11\x00\x00\x10\''	b'PrintIM\x000300\x00\x00\x03\x00\x02\x00\x01\x00\x00\x00\x03\x00"\x00\x00\x00\x01\x01\x00\x00\x00\x00\t\x11\x00\x00\x10\''	b'PrintIM\x000300\x00\x00\x03\x00\x02\x00\x01\x00\x00\x00\x03\x00"\x00\x00\x00\x01\x01\x00\x00\x00\x00\t\x11\x00\x00\x10\''	b'PrintIM\x000300\x00\x00\x03\x00\x02\x00\x01\x00\x00\x00\x03\x00"\x00\x00\x00\x01\x01\x00\x00\x00\x00\t\x11\x00\x00\x10\''	b'PrintIM\x000300\x00\x00\x03\x00\x02\x00\x01\x00\x00\x00\x03\x00"\x00\x00\x00\x01\x01\x00\x00\x00\x00\t\x11\x00\x00\x10\''	b'PrintIM\x000300\x00\x00\x03\x00\x02\x00\x01\x00\x00\x00\x03\x00"\x00\x00\x00\x01\x01\x00\x00\x00\x00\t\x11\x00\x00\x10\''	b'PrintIM\x000300\x00\x00\x03\x00\x02\x00\x01\x00\x00\x00\x03\x00"\x00\x00\x00\x01\x01\x00\x00\x00\x00\t\x11\x00\x00\x10\''	b'PrintIM\x000300\x00\x00\x03\x00\x02\x00\x01\x00\x00\x00\x03\x00"\x00\x00\x00\x01\x01\x00\x00\x00\x00\t\x11\x00\x00\x10\''	b'PrintIM\x000300\x00\x00\x03\x00\x02\x00\x01\x00\x00\x00\x03\x00"\x00\x00\x00\x01\x01\x00\x00\x00\x00\t\x11\x00\x00\x10\''	b'PrintIM\x000300\x00\x00\x03\x00\x02\x00\x01\x00\x00\x00\x03\x00"\x00\x00\x00\x01\x01\x00\x00\x00\x00\t\x11\x00\x00\x10\''	b'PrintIM\x000300\x00\x00\x03\x00\x02\x00\x01\x00\x00\x00\x03\x00"\x00\x00\x00\x01\x01\x00\x00\x00\x00\t\x11\x00\x00\x10\''	b'PrintIM\x000300\x00\x00\x03\x00\x02\x00\x01\x00\x00\x00\x03\x00"\x00\x00\x00\x01\x01\x00\x00\x00\x00\t\x11\x00\x00\x10\''	b'PrintIM\x000300\x00\x00\x03\x00\x02\x00\x01\x00\x00\x00\x03\x00"\x00\x00\x00\x01\x01\x00\x00\x00\x00\t\x11\x00\x00\x10\''	b'PrintIM\x000300\x00\x00\x03\x00\x02\x00\x01\x00\x00\x00\x03\x00"\x00\x00\x00\x01\x01\x00\x00\x00\x00\t\x11\x00\x00\x10\''	b'PrintIM\x000300\x00\x00\x03\x00\x02\x00\x01\x00\x00\x00\x03\x00"\x00\x00\x00\x01\x01\x00\x00\x00\x00\t\x11\x00\x00\x10\''	b'PrintIM\x000300\x00\x00\x03\x00\x02\x00\x01\x00\x00\x00\x03\x00"\x00\x00\x00\x01\x01\x00\x00\x00\x00\t\x11\x00\x00\x10\''	b'PrintIM\x000300\x00\x00\x03\x00\x02\x00\x01\x00\x00\x00\x03\x00"\x00\x00\x00\x01\x01\x00\x00\x00\x00\t\x11\x00\x00\x10\''	b'PrintIM\x000300\x00\x00\x03\x00\x02\x00\x01\x00\x00\x00\x03\x00"\x00\x00\x00\x01\x01\x00\x00\x00\x00\t\x11\x00\x00\x10\''	b'PrintIM\x000300\x00\x00\x03\x00\x02\x00\x01\x00\x00\x00\x03\x00"\x00\x00\x00\x01\x01\x00\x00\x00\x00\t\x11\x00\x00\x10\''	b'PrintIM\x000300\x00\x00\x03\x00\x02\x00\x01\x00\x00\x00\x03\x00"\x00\x00\x00\x01\x01\x00\x00\x00\x00\t\x11\x00\x00\x10\''	b'PrintIM\x000300\x00\x00\x03\x00\x02\x00\x01\x00\x00\x00\x03\x00"\x00\x00\x00\x01\x01\x00\x00\x00\x00\t\x11\x00\x00\x10\''	b'PrintIM\x000300\x00\x00\x03\x00\x02\x00\x01\x00\x00\x00\x03\x00"\x00\x00\x00\x01\x01\x00\x00\x00\x00\t\x11\x00\x00\x10\''	b'PrintIM\x000300\x00\x00\x03\x00\x02\x00\x01\x00\x00\x00\x03\x00"\x00\x00\x00\x01\x01\x00\x00\x00\x00\t\x11\x00\x00\x10\''	b'PrintIM\x000300\x00\x00\x03\x00\x02\x00\x01\x00\x00\x00\x03\x00"\x00\x00\x00\x01\x01\x00\x00\x00\x00\t\x11\x00\x00\x10\''	b'PrintIM\x000300\x00\x00\x03\x00\x02\x00\x01\x00\x00\x00\x03\x00"\x00\x00\x00\x01\x01\x00\x00\x00\x00\t\x11\x00\x00\x10\''	b'PrintIM\x000300\x00\x00\x03\x00\x02\x00\x01\x00\x00\x00\x03\x00"\x00\x00\x00\x01\x01\x00\x00\x00\x00\t\x11\x00\x00\x10\''	b'PrintIM\x000300\x00\x00\x03\x00\x02\x00\x01\x00\x00\x00\x03\x00"\x00\x00\x00\x01\x01\x00\x00\x00\x00\t\x11\x00\x00\x10\''	b'PrintIM\x000300\x00\x00\x03\x00\x02\x00\x01\x00\x00\x00\x03\x00"\x00\x00\x00\x01\x01\x00\x00\x00\x00\t\x11\x00\x00\x10\''	b'PrintIM\x000300\x00\x00\x03\x00\x02\x00\x01\x00\x00\x00\x03\x00"\x00\x00\x00\x01\x01\x00\x00\x00\x00\t\x11\x00\x00\x10\''	b'PrintIM\x000300\x00\x00\x03\x00\x02\x00\x01\x00\x00\x00\x03\x00"\x00\x00\x00\x01\x01\x00\x00\x00\x00\t\x11\x00\x00\x10\''	b'PrintIM\x000300\x00\x00\x03\x00\x02\x00\x01\x00\x00\x00\x03\x00"\x00\x00\x00\x01\x01\x00\x00\x00\x00\t\x11\x00\x00\x10\''	b'PrintIM\x000300\x00\x00\x03\x00\x02\x00\x01\x00\x00\x00\x03\x00"\x00\x00\x00\x01\x01\x00\x00\x00\x00\t\x11\x00\x00\x10\''	b'PrintIM\x000300\x00\x00\x03\x00\x02\x00\x01\x00\x00\x00\x03\x00"\x00\x00\x00\x01\x01\x00\x00\x00\x00\t\x11\x00\x00\x10\''	b'PrintIM\x000300\x00\x00\x03\x00\x02\x00\x01\x00\x00\x00\x03\x00"\x00\x00\x00\x01\x01\x00\x00\x00\x00\t\x11\x00\x00\x10\''	b'PrintIM\x000300\x00\x00\x03\x00\x02\x00\x01\x00\x00\x00\x03\x00"\x00\x00\x00\x01\x01\x00\x00\x00\x00\t\x11\x00\x00\x10\''	b'PrintIM\x000300\x00\x00\x03\x00\x02\x00\x01\x00\x00\x00\x03\x00"\x00\x00\x00\x01\x01\x00\x00\x00\x00\t\x11\x00\x00\x10\''	b'PrintIM\x000300\x00\x00\x03\x00\x02\x00\x01\x00\x00\x00\x03\x00"\x00\x00\x00\x01\x01\x00\x00\x00\x00\t\x11\x00\x00\x10\''	b'PrintIM\x000300\x00\x00\x03\x00\x02\x00\x01\x00\x00\x00\x03\x00"\x00\x00\x00\x01\x01\x00\x00\x00\x00\t\x11\x00\x00\x10\''	b'PrintIM\x000300\x00\x00\x03\x00\x02\x00\x01\x00\x00\x00\x03\x00"\x00\x00\x00\x01\x01\x00\x00\x00\x00\t\x11\x00\x00\x10\''	b'PrintIM\x000300\x00\x00\x03\x00\x02\x00\x01\x00\x00\x00\x03\x00"\x00\x00\x00\x01\x01\x00\x00\x00\x00\t\x11\x00\x00\x10\''	b'PrintIM\x000300\x00\x00\x03\x00\x02\x00\x01\x00\x00\x00\x03\x00"\x00\x00\x00\x01\x01\x00\x00\x00\x00\t\x11\x00\x00\x10\''	b'PrintIM\x000300\x00\x00\x03\x00\x02\x00\x01\x00\x00\x00\x03\x00"\x00\x00\x00\x01\x01\x00\x00\x00\x00\t\x11\x00\x00\x10\''	Na	b'PrintIM\x000300\x00\x00\x03\x00\x02\x00\x01\x00\x00\x00\x03\x00"\x00\x00\x00\x01\x01\x00\x00\x00\x00\t\x11\x00\x00\x10\''	b'PrintIM\x000300\x00\x00\x03\x00\x02\x00\x01\x00\x00\x00\x03\x00"\x00\x00\x00\x01\x01\x00\x00\x00\x00\t\x11\x00\x00\x10\''	b'PrintIM\x000300\x00\x00\x03\x00\x02\x00\x01\x00\x00\x00\x03\x00"\x00\x00\x00\x01\x01\x00\x00\x00\x00\t\x11\x00\x00\x10\''	b'PrintIM\x000300\x00\x00\x03\x00\x02\x00\x01\x00\x00\x00\x03\x00"\x00\x00\x00\x01\x01\x00\x00\x00\x00\t\x11\x00\x00\x10\''	b'PrintIM\x000300\x00\x00\x03\x00\x02\x00\x01\x00\x00\x00\x03\x00"\x00\x00\x00\x01\x01\x00\x00\x00\x00\t\x11\x00\x00\x10\''	b'PrintIM\x000300\x00\x00\x03\x00\x02\x00\x01\x00\x00\x00\x03\x00"\x00\x00\x00\x01\x01\x00\x00\x00\x00\t\x11\x00\x00\x10\''	b'PrintIM\x000300\x00\x00\x03\x00\x02\x00\x01\x00\x00\x00\x03\x00"\x00\x00\x00\x01\x01\x00\x00\x00\x00\t\x11\x00\x00\x10\''	b'PrintIM\x000300\x00\x00\x03\x00\x02\x00\x01\x00\x00\x00\x03\x00"\x00\x00\x00\x01\x01\x00\x00\x00\x00\t\x11\x00\x00\x10\''	b'PrintIM\x000300\x00\x00\x03\x00\x02\x00\x01\x00\x00\x00\x03\x00"\x00\x00\x00\x01\x01\x00\x00\x00\x00\t\x11\x00\x00\x10\''	b'PrintIM\x000300\x00\x00\x03\x00\x02\x00\x01\x00\x00\x00\x03\x00"\x00\x00\x00\x01\x01\x00\x00\x00\x00\t\x11\x00\x00\x10\''	b'PrintIM\x000300\x00\x00\x03\x00\x02\x00\x01\x00\x00\x00\x03\x00"\x00\x00\x00\x01\x01\x00\x00\x00\x00\t\x11\x00\x00\x10\''	b'PrintIM\x000300\x00\x00\x03\x00\x02\x00\x01\x00\x00\x00\x03\x00"\x00\x00\x00\x01\x01\x00\x00\x00\x00\t\x11\x00\x00\x10\''	b'PrintIM\x000300\x00\x00\x03\x00\x02\x00\x01\x00\x00\x00\x03\x00"\x00\x00\x00\x01\x01\x00\x00\x00\x00\t\x11\x00\x00\x10\''	b'PrintIM\x000300\x00\x00\x03\x00\x02\x00\x01\x00\x00\x00\x03\x00"\x00\x00\x00\x01\x01\x00\x00\x00\x00\t\x11\x00\x00\x10\''	b'PrintIM\x000300\x00\x00\x03\x00\x02\x00\x01\x00\x00\x00\x03\x00"\x00\x00\x00\x01\x01\x00\x00\x00\x00\t\x11\x00\x00\x10\''	b'PrintIM\x000300\x00\x00\x03\x00\x02\x00\x01\x00\x00\x00\x03\x00"\x00\x00\x00\x01\x01\x00\x00\x00\x00\t\x11\x00\x00\x10\''	b'PrintIM\x000300\x00\x00\x03\x00\x02\x00\x01\x00\x00\x00\x03\x00"\x00\x00\x00\x01\x01\x00\x00\x00\x00\t\x11\x00\x00\x10\''	b'PrintIM\x000300\x00\x00\x03\x00\x02\x00\x01\x00\x00\x00\x03\x00"\x00\x00\x00\x01\x01\x00\x00\x00\x00\t\x11\x00\x00\x10\''	b'PrintIM\x000300\x00\x00\x03\x00\x02\x00\x01\x00\x00\x00\x03\x00"\x00\x00\x00\x01\x01\x00\x00\x00\x00\t\x11\x00\x00\x10\''	b'PrintIM\x000300\x00\x00\x03\x00\x02\x00\x01\x00\x00\x00\x03\x00"\x00\x00\x00\x01\x01\x00\x00\x00\x00\t\x11\x00\x00\x10\''	b'PrintIM\x000300\x00\x00\x03\x00\x02\x00\x01\x00\x00\x00\x03\x00"\x00\x00\x00\x01\x01\x00\x00\x00\x00\t\x11\x00\x00\x10\''	b'PrintIM\x000300\x00\x00\x03\x00\x02\x00\x01\x00\x00\x00\x03\x00"\x00\x00\x00\x01\x01\x00\x00\x00\x00\t\x11\x00\x00\x10\''	b'PrintIM\x000300\x00\x00\x03\x00\x02\x00\x01\x00\x00\x00\x03\x00"\x00\x00\x00\x01\x01\x00\x00\x00\x00\t\x11\x00\x00\x10\''	b'PrintIM\x000300\x00\x00\x03\x00\x02\x00\x01\x00\x00\x00\x03\x00"\x00\x00\x00\x01\x01\x00\x00\x00\x00\t\x11\x00\x00\x10\''	b'PrintIM\x000300\x00\x00\x03\x00\x02\x00\x01\x00\x00\x00\x03\x00"\x00\x00\x00\x01\x01\x00\x00\x00\x00\t\x11\x00\x00\x10\''	b'PrintIM\x000300\x00\x00\x03\x00\x02\x00\x01\x00\x00\x00\x03\x00"\x00\x00\x00\x01\x01\x00\x00\x00\x00\t\x11\x00\x00\x10\''	b'PrintIM\x000300\x00\x00\x03\x00\x02\x00\x01\x00\x00\x00\x03\x00"\x00\x00\x00\x01\x01\x00\x00\x00\x00\t\x11\x00\x00\x10\''	b'PrintIM\x000300\x00\x00\x03\x00\x02\x00\x01\x00\x00\x00\x03\x00"\x00\x00\x00\x01\x01\x00\x00\x00\x00\t\x11\x00\x00\x10\''	b'PrintIM\x000300\x00\x00\x03\x00\x02\x00\x01\x00\x00\x00\x03\x00"\x00\x00\x00\x01\x01\x00\x00\x00\x00\t\x11\x00\x00\x10\''	b'PrintIM\x000300\x00\x00\x03\x00\x02\x00\x01\x00\x00\x00\x03\x00"\x00\x00\x00\x01\x01\x00\x00\x00\x00\t\x11\x00\x00\x10\''	b'PrintIM\x000300\x00\x00\x03\x00\x02\x00\x01\x00\x00\x00\x03\x00"\x00\x00\x00\x01\x01\x00\x00\x00\x00\t\x11\x00\x00\x10\''	b'PrintIM\x000300\x00\x00\x03\x00\x02\x00\x01\x00\x00\x00\x03\x00"\x00\x00\x00\x01\x01\x00\x00\x00\x00\t\x11\x00\x00\x10\''	b'PrintIM\x000300\x00\x00\x03\x00\x02\x00\x01\x00\x00\x00\x03\x00"\x00\x00\x00\x01\x01\x00\x00\x00\x00\t\x11\x00\x00\x10\''
ResolutionUnit	2	2	2	2	2	2	2	2	2	2	2	2	2	2	2	2	2	2	2	2	2	2	2	2	2	2	2	2	2	2	2	2	2	2	2	2	2	2	2	2	2	2	2	2	2	2	2	2	2	2	2	2	2	2	2	2	2	2	2	2	2	2	2	2	2	Na	2	2	2	2	2	2	2	2	2	2	2	2	2	2	2	2	2	2	2	2	2	2	2	2	2	2	2	2	2	2	2	2	2
ExifOffset	364	364	364	364	375	375	375	375	375	375	375	375	375	375	375	375	375	375	375	375	375	375	375	375	375	375	375	375	375	375	375	375	375	375	375	375	375	375	375	375	375	375	375	375	375	375	375	375	375	375	375	375	364	364	364	375	375	375	375	375	375	375	375	375	375	Na	375	375	375	375	375	375	375	375	375	375	375	375	375	375	375	375	375	375	375	375	375	375	375	375	375	375	375	375	375	375	375	375	375
ImageDescription	                               	                               	                               	                               	                               	                               	                               	                               	                               	                               	                               	                               	                               	                               	                               	                               	                               	                               	                               	                               	                               	                               	                               	                               	                               	                               	                               	                               	                               	                               	                               	                               	                               	                               	                               	                               	                               	                               	                               	                               	                               	                               	                               	                               	                               	                               	                               	                               	                               	                               	                               	                               	                               	                               	                               	                               	                               	                               	                               	                               	                               	                               	                               	                               	                               	Na	                               	                               	                               	                               	                               	                               	                               	                               	                               	                               	                               	                               	                               	                               	                               	                               	                               	                               	                               	                               	                               	                               	                               	                               	                               	                               	                               	                               	                               	                               	                               	                               	                               
Make	SONY	SONY	SONY	SONY	SONY	SONY	SONY	SONY	SONY	SONY	SONY	SONY	SONY	SONY	SONY	SONY	SONY	SONY	SONY	SONY	SONY	SONY	SONY	SONY	SONY	SONY	SONY	SONY	SONY	SONY	SONY	SONY	SONY	SONY	SONY	SONY	SONY	SONY	SONY	SONY	SONY	SONY	SONY	SONY	SONY	SONY	SONY	SONY	SONY	SONY	SONY	SONY	SONY	SONY	SONY	SONY	SONY	SONY	SONY	SONY	SONY	SONY	SONY	SONY	SONY	Na	SONY	SONY	SONY	SONY	SONY	SONY	SONY	SONY	SONY	SONY	SONY	SONY	SONY	SONY	SONY	SONY	SONY	SONY	SONY	SONY	SONY	SONY	SONY	SONY	SONY	SONY	SONY	SONY	SONY	SONY	SONY	SONY	SONY
Model	ILCE-5100	ILCE-5100	ILCE-5100	ILCE-5100	ILCE-5100	ILCE-5100	ILCE-5100	ILCE-5100	ILCE-5100	ILCE-5100	ILCE-5100	ILCE-5100	ILCE-5100	ILCE-5100	ILCE-5100	ILCE-5100	ILCE-5100	ILCE-5100	ILCE-5100	ILCE-5100	ILCE-5100	ILCE-5100	ILCE-5100	ILCE-5100	ILCE-5100	ILCE-5100	ILCE-5100	ILCE-5100	ILCE-5100	ILCE-5100	ILCE-5100	ILCE-5100	ILCE-5100	ILCE-5100	ILCE-5100	ILCE-5100	ILCE-5100	ILCE-5100	ILCE-5100	ILCE-5100	ILCE-5100	ILCE-5100	ILCE-5100	ILCE-5100	ILCE-5100	ILCE-5100	ILCE-5100	ILCE-5100	ILCE-5100	ILCE-5100	ILCE-5100	ILCE-5100	ILCE-5100	ILCE-5100	ILCE-5100	ILCE-5100	ILCE-5100	ILCE-5100	ILCE-5100	ILCE-5100	ILCE-5100	ILCE-5100	ILCE-5100	ILCE-5100	ILCE-5100	Na	ILCE-5100	ILCE-5100	ILCE-5100	ILCE-5100	ILCE-5100	ILCE-5100	ILCE-5100	ILCE-5100	ILCE-5100	ILCE-5100	ILCE-5100	ILCE-5100	ILCE-5100	ILCE-5100	ILCE-5100	ILCE-5100	ILCE-5100	ILCE-5100	ILCE-5100	ILCE-5100	ILCE-5100	ILCE-5100	ILCE-5100	ILCE-5100	ILCE-5100	ILCE-5100	ILCE-5100	ILCE-5100	ILCE-5100	ILCE-5100	ILCE-5100	ILCE-5100	ILCE-5100
Software	ILCE-5100 v1.00	ILCE-5100 v1.00	ILCE-5100 v1.00	ILCE-5100 v1.00	ILCE-5100 v1.00	ILCE-5100 v1.00	ILCE-5100 v1.00	ILCE-5100 v1.00	ILCE-5100 v1.00	ILCE-5100 v1.00	ILCE-5100 v1.00	ILCE-5100 v1.00	ILCE-5100 v1.00	ILCE-5100 v1.00	ILCE-5100 v1.00	ILCE-5100 v1.00	ILCE-5100 v1.00	ILCE-5100 v1.00	ILCE-5100 v1.00	ILCE-5100 v1.00	ILCE-5100 v1.00	ILCE-5100 v1.00	ILCE-5100 v1.00	ILCE-5100 v1.00	ILCE-5100 v1.00	ILCE-5100 v1.00	ILCE-5100 v1.00	ILCE-5100 v1.00	ILCE-5100 v1.00	ILCE-5100 v1.00	ILCE-5100 v1.00	ILCE-5100 v1.00	ILCE-5100 v1.00	ILCE-5100 v1.00	ILCE-5100 v1.00	ILCE-5100 v1.00	ILCE-5100 v1.00	ILCE-5100 v1.00	ILCE-5100 v1.00	ILCE-5100 v1.00	ILCE-5100 v1.00	ILCE-5100 v1.00	ILCE-5100 v1.00	ILCE-5100 v1.00	ILCE-5100 v1.00	ILCE-5100 v1.00	ILCE-5100 v1.00	ILCE-5100 v1.00	ILCE-5100 v1.00	ILCE-5100 v1.00	ILCE-5100 v1.00	ILCE-5100 v1.00	ILCE-5100 v1.00	ILCE-5100 v1.00	ILCE-5100 v1.00	ILCE-5100 v1.00	ILCE-5100 v1.00	ILCE-5100 v1.00	ILCE-5100 v1.00	ILCE-5100 v1.00	ILCE-5100 v1.00	ILCE-5100 v1.00	ILCE-5100 v1.00	ILCE-5100 v1.00	ILCE-5100 v1.00	Na	ILCE-5100 v1.00	ILCE-5100 v1.00	ILCE-5100 v1.00	ILCE-5100 v1.00	ILCE-5100 v1.00	ILCE-5100 v1.00	ILCE-5100 v1.00	ILCE-5100 v1.00	ILCE-5100 v1.00	ILCE-5100 v1.00	ILCE-5100 v1.00	ILCE-5100 v1.00	ILCE-5100 v1.00	ILCE-5100 v1.00	ILCE-5100 v1.00	ILCE-5100 v1.00	ILCE-5100 v1.00	ILCE-5100 v1.00	ILCE-5100 v1.00	ILCE-5100 v1.00	ILCE-5100 v1.00	ILCE-5100 v1.00	ILCE-5100 v1.00	ILCE-5100 v1.00	ILCE-5100 v1.00	ILCE-5100 v1.00	ILCE-5100 v1.00	ILCE-5100 v1.00	ILCE-5100 v1.00	ILCE-5100 v1.00	ILCE-5100 v1.00	ILCE-5100 v1.00	ILCE-5100 v1.00
Orientation	8	3	3	6	6	1	1	1	1	1	1	6	6	1	8	8	6	1	1	1	6	1	1	1	1	1	1	1	1	1	8	1	1	1	1	1	1	1	1	1	8	1	6	1	1	1	1	1	1	1	1	1	1	1	1	1	1	1	1	1	1	1	8	1	1	Na	3	1	1	1	1	1	6	6	3	8	8	1	1	1	1	1	1	1	6	6	6	1	1	6	1	1	1	1	1	1	1	8	8
DateTime	2017:05:11 10:53:12	2017:05:11 10:56:16	2017:05:11 10:56:20	2017:05:11 11:00:14	2017:05:11 11:03:04	2017:05:11 11:03:06	2017:05:11 11:03:09	2017:05:11 11:03:11	2017:05:11 11:03:13	2017:05:11 11:03:15	2017:05:11 11:03:18	2017:05:11 11:03:20	2017:05:11 11:03:22	2017:05:11 11:03:24	2017:05:11 11:03:27	2017:05:11 11:03:29	2017:05:11 11:03:31	2017:05:11 11:03:33	2017:05:11 11:03:36	2017:05:11 11:03:38	2017:05:11 11:03:40	2017:05:11 11:03:43	2017:05:11 11:03:45	2017:05:11 11:03:48	2017:05:11 11:03:50	2017:05:11 11:03:53	2017:05:11 11:03:55	2017:05:11 11:04:02	2017:05:11 11:04:03	2017:05:11 11:04:05	2017:05:11 11:04:07	2017:05:11 11:04:09	2017:05:11 11:04:11	2017:05:11 11:04:13	2017:05:11 11:04:15	2017:05:11 11:04:17	2017:05:11 11:04:19	2017:05:11 11:04:21	2017:05:11 11:04:23	2017:05:11 11:04:24	2017:05:11 11:04:26	2017:05:11 11:04:28	2017:05:11 11:04:30	2017:05:11 11:04:32	2017:05:11 11:04:33	2017:05:11 11:04:35	2017:05:11 11:04:37	2017:05:11 11:04:39	2017:05:11 11:04:41	2017:05:11 11:04:42	2017:05:11 11:04:44	2017:05:11 11:04:53	2017:05:11 11:04:55	2017:05:11 11:04:57	2017:05:11 11:04:59	2017:05:11 11:05:02	2017:05:11 11:05:04	2017:05:11 11:05:06	2017:05:11 11:05:08	2017:05:11 11:05:11	2017:05:11 11:05:13	2017:05:11 11:05:15	2017:05:11 11:05:17	2017:05:11 11:05:20	2017:05:11 11:05:22	Na	2017:05:11 11:05:27	2017:05:11 11:05:29	2017:05:11 11:05:31	2017:05:11 11:05:34	2017:05:11 11:05:36	2017:05:11 11:05:38	2017:05:11 11:05:40	2017:05:11 11:05:42	2017:05:11 11:05:45	2017:05:11 11:05:47	2017:05:11 11:05:54	2017:05:11 11:05:56	2017:05:11 11:05:58	2017:05:11 11:05:59	2017:05:11 11:06:01	2017:05:11 11:06:03	2017:05:11 11:06:05	2017:05:11 11:06:07	2017:05:11 11:06:08	2017:05:11 11:06:10	2017:05:11 11:06:12	2017:05:11 11:06:14	2017:05:11 11:06:16	2017:05:11 11:06:17	2017:05:11 11:06:19	2017:05:11 11:06:21	2017:05:11 11:06:25	2017:05:11 11:06:26	2017:05:11 11:06:28	2017:05:11 11:06:30	2017:05:11 11:06:32	2017:05:11 11:06:34	2017:05:11 11:06:35
YCbCrPositioning	2	2	2	2	2	2	2	2	2	2	2	2	2	2	2	2	2	2	2	2	2	2	2	2	2	2	2	2	2	2	2	2	2	2	2	2	2	2	2	2	2	2	2	2	2	2	2	2	2	2	2	2	2	2	2	2	2	2	2	2	2	2	2	2	2	Na	2	2	2	2	2	2	2	2	2	2	2	2	2	2	2	2	2	2	2	2	2	2	2	2	2	2	2	2	2	2	2	2	2
XResolution	(350, 1)	(350, 1)	(350, 1)	(350, 1)	(350, 1)	(350, 1)	(350, 1)	(350, 1)	(350, 1)	(350, 1)	(350, 1)	(350, 1)	(350, 1)	(350, 1)	(350, 1)	(350, 1)	(350, 1)	(350, 1)	(350, 1)	(350, 1)	(350, 1)	(350, 1)	(350, 1)	(350, 1)	(350, 1)	(350, 1)	(350, 1)	(350, 1)	(350, 1)	(350, 1)	(350, 1)	(350, 1)	(350, 1)	(350, 1)	(350, 1)	(350, 1)	(350, 1)	(350, 1)	(350, 1)	(350, 1)	(350, 1)	(350, 1)	(350, 1)	(350, 1)	(350, 1)	(350, 1)	(350, 1)	(350, 1)	(350, 1)	(350, 1)	(350, 1)	(350, 1)	(350, 1)	(350, 1)	(350, 1)	(350, 1)	(350, 1)	(350, 1)	(350, 1)	(350, 1)	(350, 1)	(350, 1)	(350, 1)	(350, 1)	(350, 1)	Na	(350, 1)	(350, 1)	(350, 1)	(350, 1)	(350, 1)	(350, 1)	(350, 1)	(350, 1)	(350, 1)	(350, 1)	(350, 1)	(350, 1)	(350, 1)	(350, 1)	(350, 1)	(350, 1)	(350, 1)	(350, 1)	(350, 1)	(350, 1)	(350, 1)	(350, 1)	(350, 1)	(350, 1)	(350, 1)	(350, 1)	(350, 1)	(350, 1)	(350, 1)	(350, 1)	(350, 1)	(350, 1)	(350, 1)
YResolution	(350, 1)	(350, 1)	(350, 1)	(350, 1)	(350, 1)	(350, 1)	(350, 1)	(350, 1)	(350, 1)	(350, 1)	(350, 1)	(350, 1)	(350, 1)	(350, 1)	(350, 1)	(350, 1)	(350, 1)	(350, 1)	(350, 1)	(350, 1)	(350, 1)	(350, 1)	(350, 1)	(350, 1)	(350, 1)	(350, 1)	(350, 1)	(350, 1)	(350, 1)	(350, 1)	(350, 1)	(350, 1)	(350, 1)	(350, 1)	(350, 1)	(350, 1)	(350, 1)	(350, 1)	(350, 1)	(350, 1)	(350, 1)	(350, 1)	(350, 1)	(350, 1)	(350, 1)	(350, 1)	(350, 1)	(350, 1)	(350, 1)	(350, 1)	(350, 1)	(350, 1)	(350, 1)	(350, 1)	(350, 1)	(350, 1)	(350, 1)	(350, 1)	(350, 1)	(350, 1)	(350, 1)	(350, 1)	(350, 1)	(350, 1)	(350, 1)	Na	(350, 1)	(350, 1)	(350, 1)	(350, 1)	(350, 1)	(350, 1)	(350, 1)	(350, 1)	(350, 1)	(350, 1)	(350, 1)	(350, 1)	(350, 1)	(350, 1)	(350, 1)	(350, 1)	(350, 1)	(350, 1)	(350, 1)	(350, 1)	(350, 1)	(350, 1)	(350, 1)	(350, 1)	(350, 1)	(350, 1)	(350, 1)	(350, 1)	(350, 1)	(350, 1)	(350, 1)	(350, 1)	(350, 1)
ExifVersion	b'0230'	b'0230'	b'0230'	b'0230'	b'0230'	b'0230'	b'0230'	b'0230'	b'0230'	b'0230'	b'0230'	b'0230'	b'0230'	b'0230'	b'0230'	b'0230'	b'0230'	b'0230'	b'0230'	b'0230'	b'0230'	b'0230'	b'0230'	b'0230'	b'0230'	b'0230'	b'0230'	b'0230'	b'0230'	b'0230'	b'0230'	b'0230'	b'0230'	b'0230'	b'0230'	b'0230'	b'0230'	b'0230'	b'0230'	b'0230'	b'0230'	b'0230'	b'0230'	b'0230'	b'0230'	b'0230'	b'0230'	b'0230'	b'0230'	b'0230'	b'0230'	b'0230'	b'0230'	b'0230'	b'0230'	b'0230'	b'0230'	b'0230'	b'0230'	b'0230'	b'0230'	b'0230'	b'0230'	b'0230'	b'0230'	Na	b'0230'	b'0230'	b'0230'	b'0230'	b'0230'	b'0230'	b'0230'	b'0230'	b'0230'	b'0230'	b'0230'	b'0230'	b'0230'	b'0230'	b'0230'	b'0230'	b'0230'	b'0230'	b'0230'	b'0230'	b'0230'	b'0230'	b'0230'	b'0230'	b'0230'	b'0230'	b'0230'	b'0230'	b'0230'	b'0230'	b'0230'	b'0230'	b'0230'
ComponentsConfiguration	b'\x01\x02\x03\x00'	b'\x01\x02\x03\x00'	b'\x01\x02\x03\x00'	b'\x01\x02\x03\x00'	b'\x01\x02\x03\x00'	b'\x01\x02\x03\x00'	b'\x01\x02\x03\x00'	b'\x01\x02\x03\x00'	b'\x01\x02\x03\x00'	b'\x01\x02\x03\x00'	b'\x01\x02\x03\x00'	b'\x01\x02\x03\x00'	b'\x01\x02\x03\x00'	b'\x01\x02\x03\x00'	b'\x01\x02\x03\x00'	b'\x01\x02\x03\x00'	b'\x01\x02\x03\x00'	b'\x01\x02\x03\x00'	b'\x01\x02\x03\x00'	b'\x01\x02\x03\x00'	b'\x01\x02\x03\x00'	b'\x01\x02\x03\x00'	b'\x01\x02\x03\x00'	b'\x01\x02\x03\x00'	b'\x01\x02\x03\x00'	b'\x01\x02\x03\x00'	b'\x01\x02\x03\x00'	b'\x01\x02\x03\x00'	b'\x01\x02\x03\x00'	b'\x01\x02\x03\x00'	b'\x01\x02\x03\x00'	b'\x01\x02\x03\x00'	b'\x01\x02\x03\x00'	b'\x01\x02\x03\x00'	b'\x01\x02\x03\x00'	b'\x01\x02\x03\x00'	b'\x01\x02\x03\x00'	b'\x01\x02\x03\x00'	b'\x01\x02\x03\x00'	b'\x01\x02\x03\x00'	b'\x01\x02\x03\x00'	b'\x01\x02\x03\x00'	b'\x01\x02\x03\x00'	b'\x01\x02\x03\x00'	b'\x01\x02\x03\x00'	b'\x01\x02\x03\x00'	b'\x01\x02\x03\x00'	b'\x01\x02\x03\x00'	b'\x01\x02\x03\x00'	b'\x01\x02\x03\x00'	b'\x01\x02\x03\x00'	b'\x01\x02\x03\x00'	b'\x01\x02\x03\x00'	b'\x01\x02\x03\x00'	b'\x01\x02\x03\x00'	b'\x01\x02\x03\x00'	b'\x01\x02\x03\x00'	b'\x01\x02\x03\x00'	b'\x01\x02\x03\x00'	b'\x01\x02\x03\x00'	b'\x01\x02\x03\x00'	b'\x01\x02\x03\x00'	b'\x01\x02\x03\x00'	b'\x01\x02\x03\x00'	b'\x01\x02\x03\x00'	Na	b'\x01\x02\x03\x00'	b'\x01\x02\x03\x00'	b'\x01\x02\x03\x00'	b'\x01\x02\x03\x00'	b'\x01\x02\x03\x00'	b'\x01\x02\x03\x00'	b'\x01\x02\x03\x00'	b'\x01\x02\x03\x00'	b'\x01\x02\x03\x00'	b'\x01\x02\x03\x00'	b'\x01\x02\x03\x00'	b'\x01\x02\x03\x00'	b'\x01\x02\x03\x00'	b'\x01\x02\x03\x00'	b'\x01\x02\x03\x00'	b'\x01\x02\x03\x00'	b'\x01\x02\x03\x00'	b'\x01\x02\x03\x00'	b'\x01\x02\x03\x00'	b'\x01\x02\x03\x00'	b'\x01\x02\x03\x00'	b'\x01\x02\x03\x00'	b'\x01\x02\x03\x00'	b'\x01\x02\x03\x00'	b'\x01\x02\x03\x00'	b'\x01\x02\x03\x00'	b'\x01\x02\x03\x00'	b'\x01\x02\x03\x00'	b'\x01\x02\x03\x00'	b'\x01\x02\x03\x00'	b'\x01\x02\x03\x00'	b'\x01\x02\x03\x00'	b'\x01\x02\x03\x00'
CompressedBitsPerPixel	(1, 1)	(1, 1)	(1, 1)	(1, 1)	(3, 1)	(3, 1)	(3, 1)	(3, 1)	(3, 1)	(3, 1)	(3, 1)	(3, 1)	(3, 1)	(3, 1)	(3, 1)	(3, 1)	(3, 1)	(3, 1)	(3, 1)	(3, 1)	(3, 1)	(3, 1)	(3, 1)	(3, 1)	(3, 1)	(4, 1)	(3, 1)	(3, 1)	(3, 1)	(3, 1)	(3, 1)	(3, 1)	(3, 1)	(3, 1)	(3, 1)	(3, 1)	(3, 1)	(3, 1)	(3, 1)	(3, 1)	(3, 1)	(3, 1)	(3, 1)	(2, 1)	(2, 1)	(2, 1)	(2, 1)	(2, 1)	(2, 1)	(2, 1)	(2, 1)	(2, 1)	(3, 1)	(3, 1)	(2, 1)	(2, 1)	(2, 1)	(2, 1)	(2, 1)	(3, 1)	(3, 1)	(3, 1)	(3, 1)	(3, 1)	(2, 1)	Na	(3, 1)	(3, 1)	(3, 1)	(3, 1)	(3, 1)	(3, 1)	(2, 1)	(2, 1)	(2, 1)	(2, 1)	(3, 1)	(3, 1)	(3, 1)	(2, 1)	(2, 1)	(2, 1)	(3, 1)	(3, 1)	(3, 1)	(3, 1)	(2, 1)	(2, 1)	(3, 1)	(3, 1)	(3, 1)	(3, 1)	(3, 1)	(3, 1)	(3, 1)	(2, 1)	(3, 1)	(3, 1)	(3, 1)
DateTimeOriginal	2017:05:11 10:53:12	2017:05:11 10:56:16	2017:05:11 10:56:20	2017:05:11 11:00:14	2017:05:11 11:03:04	2017:05:11 11:03:06	2017:05:11 11:03:09	2017:05:11 11:03:11	2017:05:11 11:03:13	2017:05:11 11:03:15	2017:05:11 11:03:18	2017:05:11 11:03:20	2017:05:11 11:03:22	2017:05:11 11:03:24	2017:05:11 11:03:27	2017:05:11 11:03:29	2017:05:11 11:03:31	2017:05:11 11:03:33	2017:05:11 11:03:36	2017:05:11 11:03:38	2017:05:11 11:03:40	2017:05:11 11:03:43	2017:05:11 11:03:45	2017:05:11 11:03:48	2017:05:11 11:03:50	2017:05:11 11:03:53	2017:05:11 11:03:55	2017:05:11 11:04:02	2017:05:11 11:04:03	2017:05:11 11:04:05	2017:05:11 11:04:07	2017:05:11 11:04:09	2017:05:11 11:04:11	2017:05:11 11:04:13	2017:05:11 11:04:15	2017:05:11 11:04:17	2017:05:11 11:04:19	2017:05:11 11:04:21	2017:05:11 11:04:23	2017:05:11 11:04:24	2017:05:11 11:04:26	2017:05:11 11:04:28	2017:05:11 11:04:30	2017:05:11 11:04:32	2017:05:11 11:04:33	2017:05:11 11:04:35	2017:05:11 11:04:37	2017:05:11 11:04:39	2017:05:11 11:04:41	2017:05:11 11:04:42	2017:05:11 11:04:44	2017:05:11 11:04:53	2017:05:11 11:04:55	2017:05:11 11:04:57	2017:05:11 11:04:59	2017:05:11 11:05:02	2017:05:11 11:05:04	2017:05:11 11:05:06	2017:05:11 11:05:08	2017:05:11 11:05:11	2017:05:11 11:05:13	2017:05:11 11:05:15	2017:05:11 11:05:17	2017:05:11 11:05:20	2017:05:11 11:05:22	Na	2017:05:11 11:05:27	2017:05:11 11:05:29	2017:05:11 11:05:31	2017:05:11 11:05:34	2017:05:11 11:05:36	2017:05:11 11:05:38	2017:05:11 11:05:40	2017:05:11 11:05:42	2017:05:11 11:05:45	2017:05:11 11:05:47	2017:05:11 11:05:54	2017:05:11 11:05:56	2017:05:11 11:05:58	2017:05:11 11:05:59	2017:05:11 11:06:01	2017:05:11 11:06:03	2017:05:11 11:06:05	2017:05:11 11:06:07	2017:05:11 11:06:08	2017:05:11 11:06:10	2017:05:11 11:06:12	2017:05:11 11:06:14	2017:05:11 11:06:16	2017:05:11 11:06:17	2017:05:11 11:06:19	2017:05:11 11:06:21	2017:05:11 11:06:25	2017:05:11 11:06:26	2017:05:11 11:06:28	2017:05:11 11:06:30	2017:05:11 11:06:32	2017:05:11 11:06:34	2017:05:11 11:06:35
DateTimeDigitized	2017:05:11 10:53:12	2017:05:11 10:56:16	2017:05:11 10:56:20	2017:05:11 11:00:14	2017:05:11 11:03:04	2017:05:11 11:03:06	2017:05:11 11:03:09	2017:05:11 11:03:11	2017:05:11 11:03:13	2017:05:11 11:03:15	2017:05:11 11:03:18	2017:05:11 11:03:20	2017:05:11 11:03:22	2017:05:11 11:03:24	2017:05:11 11:03:27	2017:05:11 11:03:29	2017:05:11 11:03:31	2017:05:11 11:03:33	2017:05:11 11:03:36	2017:05:11 11:03:38	2017:05:11 11:03:40	2017:05:11 11:03:43	2017:05:11 11:03:45	2017:05:11 11:03:48	2017:05:11 11:03:50	2017:05:11 11:03:53	2017:05:11 11:03:55	2017:05:11 11:04:02	2017:05:11 11:04:03	2017:05:11 11:04:05	2017:05:11 11:04:07	2017:05:11 11:04:09	2017:05:11 11:04:11	2017:05:11 11:04:13	2017:05:11 11:04:15	2017:05:11 11:04:17	2017:05:11 11:04:19	2017:05:11 11:04:21	2017:05:11 11:04:23	2017:05:11 11:04:24	2017:05:11 11:04:26	2017:05:11 11:04:28	2017:05:11 11:04:30	2017:05:11 11:04:32	2017:05:11 11:04:33	2017:05:11 11:04:35	2017:05:11 11:04:37	2017:05:11 11:04:39	2017:05:11 11:04:41	2017:05:11 11:04:42	2017:05:11 11:04:44	2017:05:11 11:04:53	2017:05:11 11:04:55	2017:05:11 11:04:57	2017:05:11 11:04:59	2017:05:11 11:05:02	2017:05:11 11:05:04	2017:05:11 11:05:06	2017:05:11 11:05:08	2017:05:11 11:05:11	2017:05:11 11:05:13	2017:05:11 11:05:15	2017:05:11 11:05:17	2017:05:11 11:05:20	2017:05:11 11:05:22	Na	2017:05:11 11:05:27	2017:05:11 11:05:29	2017:05:11 11:05:31	2017:05:11 11:05:34	2017:05:11 11:05:36	2017:05:11 11:05:38	2017:05:11 11:05:40	2017:05:11 11:05:42	2017:05:11 11:05:45	2017:05:11 11:05:47	2017:05:11 11:05:54	2017:05:11 11:05:56	2017:05:11 11:05:58	2017:05:11 11:05:59	2017:05:11 11:06:01	2017:05:11 11:06:03	2017:05:11 11:06:05	2017:05:11 11:06:07	2017:05:11 11:06:08	2017:05:11 11:06:10	2017:05:11 11:06:12	2017:05:11 11:06:14	2017:05:11 11:06:16	2017:05:11 11:06:17	2017:05:11 11:06:19	2017:05:11 11:06:21	2017:05:11 11:06:25	2017:05:11 11:06:26	2017:05:11 11:06:28	2017:05:11 11:06:30	2017:05:11 11:06:32	2017:05:11 11:06:34	2017:05:11 11:06:35
BrightnessValue	(7964, 2560)	(6424, 2560)	(6334, 2560)	(10854, 2560)	(26314, 2560)	(26244, 2560)	(26344, 2560)	(26204, 2560)	(26144, 2560)	(26074, 2560)	(26274, 2560)	(26334, 2560)	(26454, 2560)	(26494, 2560)	(26334, 2560)	(25864, 2560)	(25444, 2560)	(25134, 2560)	(24484, 2560)	(24194, 2560)	(23964, 2560)	(24194, 2560)	(24234, 2560)	(24624, 2560)	(24244, 2560)	(24354, 2560)	(24334, 2560)	(25544, 2560)	(25164, 2560)	(25864, 2560)	(26004, 2560)	(25654, 2560)	(25634, 2560)	(25594, 2560)	(25834, 2560)	(25164, 2560)	(25434, 2560)	(26024, 2560)	(26404, 2560)	(26374, 2560)	(26494, 2560)	(26284, 2560)	(26164, 2560)	(25994, 2560)	(26144, 2560)	(26044, 2560)	(26254, 2560)	(26324, 2560)	(26384, 2560)	(26564, 2560)	(26384, 2560)	(26114, 2560)	(25604, 2560)	(25854, 2560)	(26204, 2560)	(26404, 2560)	(26334, 2560)	(26044, 2560)	(25814, 2560)	(25644, 2560)	(25784, 2560)	(25844, 2560)	(25944, 2560)	(25964, 2560)	(26494, 2560)	Na	(26124, 2560)	(26174, 2560)	(25944, 2560)	(26044, 2560)	(25964, 2560)	(26194, 2560)	(26284, 2560)	(26214, 2560)	(26224, 2560)	(25654, 2560)	(25424, 2560)	(25974, 2560)	(25364, 2560)	(25534, 2560)	(25564, 2560)	(25684, 2560)	(25714, 2560)	(25874, 2560)	(26144, 2560)	(26354, 2560)	(26534, 2560)	(26274, 2560)	(26104, 2560)	(25414, 2560)	(25094, 2560)	(24934, 2560)	(25004, 2560)	(25014, 2560)	(25404, 2560)	(25584, 2560)	(25404, 2560)	(25674, 2560)	(25854, 2560)
ExposureBiasValue	(0, 10)	(0, 10)	(0, 10)	(0, 10)	(0, 10)	(0, 10)	(0, 10)	(0, 10)	(0, 10)	(0, 10)	(0, 10)	(0, 10)	(0, 10)	(0, 10)	(0, 10)	(0, 10)	(0, 10)	(0, 10)	(0, 10)	(0, 10)	(0, 10)	(0, 10)	(0, 10)	(0, 10)	(0, 10)	(0, 10)	(0, 10)	(0, 10)	(0, 10)	(0, 10)	(0, 10)	(0, 10)	(0, 10)	(0, 10)	(0, 10)	(0, 10)	(0, 10)	(0, 10)	(0, 10)	(0, 10)	(0, 10)	(0, 10)	(0, 10)	(0, 10)	(0, 10)	(0, 10)	(0, 10)	(0, 10)	(0, 10)	(0, 10)	(0, 10)	(0, 10)	(0, 10)	(0, 10)	(0, 10)	(0, 10)	(0, 10)	(0, 10)	(0, 10)	(0, 10)	(0, 10)	(0, 10)	(0, 10)	(0, 10)	(0, 10)	Na	(0, 10)	(0, 10)	(0, 10)	(0, 10)	(0, 10)	(0, 10)	(0, 10)	(0, 10)	(0, 10)	(0, 10)	(0, 10)	(0, 10)	(0, 10)	(0, 10)	(0, 10)	(0, 10)	(0, 10)	(0, 10)	(0, 10)	(0, 10)	(0, 10)	(0, 10)	(0, 10)	(0, 10)	(0, 10)	(0, 10)	(0, 10)	(0, 10)	(0, 10)	(0, 10)	(0, 10)	(0, 10)	(0, 10)
MaxApertureValue	(926, 256)	(926, 256)	(926, 256)	(926, 256)	(926, 256)	(926, 256)	(926, 256)	(926, 256)	(926, 256)	(926, 256)	(926, 256)	(926, 256)	(926, 256)	(926, 256)	(926, 256)	(926, 256)	(926, 256)	(926, 256)	(926, 256)	(926, 256)	(926, 256)	(926, 256)	(926, 256)	(926, 256)	(926, 256)	(926, 256)	(926, 256)	(926, 256)	(926, 256)	(926, 256)	(926, 256)	(926, 256)	(926, 256)	(926, 256)	(926, 256)	(926, 256)	(926, 256)	(926, 256)	(926, 256)	(926, 256)	(926, 256)	(926, 256)	(926, 256)	(926, 256)	(926, 256)	(926, 256)	(926, 256)	(926, 256)	(926, 256)	(926, 256)	(926, 256)	(926, 256)	(926, 256)	(926, 256)	(926, 256)	(926, 256)	(926, 256)	(926, 256)	(926, 256)	(926, 256)	(926, 256)	(926, 256)	(926, 256)	(926, 256)	(926, 256)	Na	(926, 256)	(926, 256)	(926, 256)	(926, 256)	(926, 256)	(926, 256)	(926, 256)	(926, 256)	(926, 256)	(926, 256)	(926, 256)	(926, 256)	(926, 256)	(926, 256)	(926, 256)	(926, 256)	(926, 256)	(926, 256)	(926, 256)	(926, 256)	(926, 256)	(926, 256)	(926, 256)	(926, 256)	(926, 256)	(926, 256)	(926, 256)	(926, 256)	(926, 256)	(926, 256)	(926, 256)	(926, 256)	(926, 256)
MeteringMode	5	5	5	5	5	5	5	5	5	5	5	5	5	5	5	5	5	5	5	5	5	5	5	5	5	5	5	5	5	5	5	5	5	5	5	5	5	5	5	5	5	5	5	5	5	5	5	5	5	5	5	5	5	5	5	5	5	5	5	5	5	5	5	5	5	Na	5	5	5	5	5	5	5	5	5	5	5	5	5	5	5	5	5	5	5	5	5	5	5	5	5	5	5	5	5	5	5	5	5
LightSource	0	0	0	0	0	0	0	0	0	0	0	0	0	0	0	0	0	0	0	0	0	0	0	0	0	0	0	0	0	0	0	0	0	0	0	0	0	0	0	0	0	0	0	0	0	0	0	0	0	0	0	0	0	0	0	0	0	0	0	0	0	0	0	0	0	Na	0	0	0	0	0	0	0	0	0	0	0	0	0	0	0	0	0	0	0	0	0	0	0	0	0	0	0	0	0	0	0	0	0
Flash	16	16	16	16	16	16	16	16	16	16	16	16	16	16	16	16	16	16	16	16	16	16	16	16	16	16	16	16	16	16	16	16	16	16	16	16	16	16	16	16	16	16	16	16	16	16	16	16	16	16	16	16	16	16	16	16	16	16	16	16	16	16	16	16	16	Na	16	16	16	16	16	16	16	16	16	16	16	16	16	16	16	16	16	16	16	16	16	16	16	16	16	16	16	16	16	16	16	16	16
FocalLength	(160, 10)	(160, 10)	(160, 10)	(160, 10)	(160, 10)	(160, 10)	(160, 10)	(160, 10)	(160, 10)	(160, 10)	(160, 10)	(160, 10)	(160, 10)	(160, 10)	(160, 10)	(160, 10)	(160, 10)	(160, 10)	(160, 10)	(160, 10)	(160, 10)	(160, 10)	(160, 10)	(160, 10)	(160, 10)	(160, 10)	(160, 10)	(160, 10)	(160, 10)	(160, 10)	(160, 10)	(160, 10)	(160, 10)	(160, 10)	(160, 10)	(160, 10)	(160, 10)	(160, 10)	(160, 10)	(160, 10)	(160, 10)	(160, 10)	(160, 10)	(160, 10)	(160, 10)	(160, 10)	(160, 10)	(160, 10)	(160, 10)	(160, 10)	(160, 10)	(160, 10)	(160, 10)	(160, 10)	(160, 10)	(160, 10)	(160, 10)	(160, 10)	(160, 10)	(160, 10)	(160, 10)	(160, 10)	(160, 10)	(160, 10)	(160, 10)	Na	(160, 10)	(160, 10)	(160, 10)	(160, 10)	(160, 10)	(160, 10)	(160, 10)	(160, 10)	(160, 10)	(160, 10)	(160, 10)	(160, 10)	(160, 10)	(160, 10)	(160, 10)	(160, 10)	(160, 10)	(160, 10)	(160, 10)	(160, 10)	(160, 10)	(160, 10)	(160, 10)	(160, 10)	(160, 10)	(160, 10)	(160, 10)	(160, 10)	(160, 10)	(160, 10)	(160, 10)	(160, 10)	(160, 10)
UserComment	b'\x00\x00\x00\x00\x00\x00\x00\x00\x00\x00\x00\x00\x00\x00\x00\x00\x00\x00\x00\x00\x00\x00\x00\x00\x00\x00\x00\x00\x00\x00\x00\x00\x00\x00\x00\x00\x00\x00\x00\x00'	b'\x00\x00\x00\x00\x00\x00\x00\x00\x00\x00\x00\x00\x00\x00\x00\x00\x00\x00\x00\x00\x00\x00\x00\x00\x00\x00\x00\x00\x00\x00\x00\x00\x00\x00\x00\x00\x00\x00\x00\x00'	b'\x00\x00\x00\x00\x00\x00\x00\x00\x00\x00\x00\x00\x00\x00\x00\x00\x00\x00\x00\x00\x00\x00\x00\x00\x00\x00\x00\x00\x00\x00\x00\x00\x00\x00\x00\x00\x00\x00\x00\x00'	b'\x00\x00\x00\x00\x00\x00\x00\x00\x00\x00\x00\x00\x00\x00\x00\x00\x00\x00\x00\x00\x00\x00\x00\x00\x00\x00\x00\x00\x00\x00\x00\x00\x00\x00\x00\x00\x00\x00\x00\x00'	                                        	                                        	                                        	                                        	                                        	                                        	                                        	                                        	                                        	                                        	                                        	                                        	                                        	                                        	                                        	                                        	                                        	                                        	                                        	                                        	                                        	                                        	                                        	                                        	                                        	                                        	                                        	                                        	                                        	                                        	                                        	                                        	                                        	                                        	                                        	                                        	                                        	                                        	                                        	                                        	                                        	                                        	                                        	                                        	                                        	                                        	                                        	                                        	b'\x00\x00\x00\x00\x00\x00\x00\x00\x00\x00\x00\x00\x00\x00\x00\x00\x00\x00\x00\x00\x00\x00\x00\x00\x00\x00\x00\x00\x00\x00\x00\x00\x00\x00\x00\x00\x00\x00\x00\x00'	b'\x00\x00\x00\x00\x00\x00\x00\x00\x00\x00\x00\x00\x00\x00\x00\x00\x00\x00\x00\x00\x00\x00\x00\x00\x00\x00\x00\x00\x00\x00\x00\x00\x00\x00\x00\x00\x00\x00\x00\x00'	b'\x00\x00\x00\x00\x00\x00\x00\x00\x00\x00\x00\x00\x00\x00\x00\x00\x00\x00\x00\x00\x00\x00\x00\x00\x00\x00\x00\x00\x00\x00\x00\x00\x00\x00\x00\x00\x00\x00\x00\x00'	                                        	                                        	                                        	                                        	                                        	                                        	                                        	                                        	                                        	                                        	Na	                                        	                                        	                                        	                                        	                                        	                                        	                                        	                                        	                                        	                                        	                                        	                                        	                                        	                                        	                                        	                                        	                                        	                                        	                                        	                                        	                                        	                                        	                                        	                                        	                                        	                                        	                                        	                                        	                                        	                                        	                                        	                                        	                                        
ColorSpace	1	1	1	1	1	1	1	1	1	1	1	1	1	1	1	1	1	1	1	1	1	1	1	1	1	1	1	1	1	1	1	1	1	1	1	1	1	1	1	1	1	1	1	1	1	1	1	1	1	1	1	1	1	1	1	1	1	1	1	1	1	1	1	1	1	Na	1	1	1	1	1	1	1	1	1	1	1	1	1	1	1	1	1	1	1	1	1	1	1	1	1	1	1	1	1	1	1	1	1
ExifImageWidth	6000	6000	6000	6000	6000	6000	6000	6000	6000	6000	6000	6000	6000	6000	6000	6000	6000	6000	6000	6000	6000	6000	6000	6000	6000	6000	6000	6000	6000	6000	6000	6000	6000	6000	6000	6000	6000	6000	6000	6000	6000	6000	6000	6000	6000	6000	6000	6000	6000	6000	6000	6000	6000	6000	6000	6000	6000	6000	6000	6000	6000	6000	6000	6000	6000	Na	6000	6000	6000	6000	6000	6000	6000	6000	6000	6000	6000	6000	6000	6000	6000	6000	6000	6000	6000	6000	6000	6000	6000	6000	6000	6000	6000	6000	6000	6000	6000	6000	6000
SceneCaptureType	0	0	0	0	0	0	0	0	0	0	0	0	0	0	0	0	0	0	0	0	0	0	0	0	0	0	0	0	0	0	0	0	0	0	0	0	0	0	0	0	0	0	0	0	0	0	0	0	0	0	0	0	0	0	0	0	0	0	0	0	0	0	0	0	0	Na	0	0	0	0	0	0	0	0	0	0	0	0	0	0	0	0	0	0	0	0	0	0	0	0	0	0	0	0	0	0	0	0	0
ExifImageHeight	4000	4000	4000	4000	4000	4000	4000	4000	4000	4000	4000	4000	4000	4000	4000	4000	4000	4000	4000	4000	4000	4000	4000	4000	4000	4000	4000	4000	4000	4000	4000	4000	4000	4000	4000	4000	4000	4000	4000	4000	4000	4000	4000	4000	4000	4000	4000	4000	4000	4000	4000	4000	4000	4000	4000	4000	4000	4000	4000	4000	4000	4000	4000	4000	4000	Na	4000	4000	4000	4000	4000	4000	4000	4000	4000	4000	4000	4000	4000	4000	4000	4000	4000	4000	4000	4000	4000	4000	4000	4000	4000	4000	4000	4000	4000	4000	4000	4000	4000
Contrast	0	0	0	0	0	0	0	0	0	0	0	0	0	0	0	0	0	0	0	0	0	0	0	0	0	0	0	0	0	0	0	0	0	0	0	0	0	0	0	0	0	0	0	0	0	0	0	0	0	0	0	0	0	0	0	0	0	0	0	0	0	0	0	0	0	Na	0	0	0	0	0	0	0	0	0	0	0	0	0	0	0	0	0	0	0	0	0	0	0	0	0	0	0	0	0	0	0	0	0
Saturation	0	0	0	0	0	0	0	0	0	0	0	0	0	0	0	0	0	0	0	0	0	0	0	0	0	0	0	0	0	0	0	0	0	0	0	0	0	0	0	0	0	0	0	0	0	0	0	0	0	0	0	0	0	0	0	0	0	0	0	0	0	0	0	0	0	Na	0	0	0	0	0	0	0	0	0	0	0	0	0	0	0	0	0	0	0	0	0	0	0	0	0	0	0	0	0	0	0	0	0
Sharpness	0	0	0	0	0	0	0	0	0	0	0	0	0	0	0	0	0	0	0	0	0	0	0	0	0	0	0	0	0	0	0	0	0	0	0	0	0	0	0	0	0	0	0	0	0	0	0	0	0	0	0	0	0	0	0	0	0	0	0	0	0	0	0	0	0	Na	0	0	0	0	0	0	0	0	0	0	0	0	0	0	0	0	0	0	0	0	0	0	0	0	0	0	0	0	0	0	0	0	0
FileSource	b'\x03'	b'\x03'	b'\x03'	b'\x03'	b'\x03'	b'\x03'	b'\x03'	b'\x03'	b'\x03'	b'\x03'	b'\x03'	b'\x03'	b'\x03'	b'\x03'	b'\x03'	b'\x03'	b'\x03'	b'\x03'	b'\x03'	b'\x03'	b'\x03'	b'\x03'	b'\x03'	b'\x03'	b'\x03'	b'\x03'	b'\x03'	b'\x03'	b'\x03'	b'\x03'	b'\x03'	b'\x03'	b'\x03'	b'\x03'	b'\x03'	b'\x03'	b'\x03'	b'\x03'	b'\x03'	b'\x03'	b'\x03'	b'\x03'	b'\x03'	b'\x03'	b'\x03'	b'\x03'	b'\x03'	b'\x03'	b'\x03'	b'\x03'	b'\x03'	b'\x03'	b'\x03'	b'\x03'	b'\x03'	b'\x03'	b'\x03'	b'\x03'	b'\x03'	b'\x03'	b'\x03'	b'\x03'	b'\x03'	b'\x03'	b'\x03'	Na	b'\x03'	b'\x03'	b'\x03'	b'\x03'	b'\x03'	b'\x03'	b'\x03'	b'\x03'	b'\x03'	b'\x03'	b'\x03'	b'\x03'	b'\x03'	b'\x03'	b'\x03'	b'\x03'	b'\x03'	b'\x03'	b'\x03'	b'\x03'	b'\x03'	b'\x03'	b'\x03'	b'\x03'	b'\x03'	b'\x03'	b'\x03'	b'\x03'	b'\x03'	b'\x03'	b'\x03'	b'\x03'	b'\x03'
ExposureTime	(1, 1600)	(1, 1600)	(1, 1600)	(1, 1600)	(1, 1600)	(1, 1600)	(1, 1600)	(1, 1600)	(1, 1600)	(1, 1600)	(1, 1600)	(1, 1600)	(1, 1600)	(1, 1600)	(1, 1600)	(1, 1600)	(1, 1600)	(1, 1600)	(1, 1600)	(1, 1600)	(1, 1600)	(1, 1600)	(1, 1600)	(1, 1600)	(1, 1600)	(1, 1600)	(1, 1600)	(1, 1600)	(1, 1600)	(1, 1600)	(1, 1600)	(1, 1600)	(1, 1600)	(1, 1600)	(1, 1600)	(1, 1600)	(1, 1600)	(1, 1600)	(1, 1600)	(1, 1600)	(1, 1600)	(1, 1600)	(1, 1600)	(1, 1600)	(1, 1600)	(1, 1600)	(1, 1600)	(1, 1600)	(1, 1600)	(1, 1600)	(1, 1600)	(1, 1600)	(1, 1600)	(1, 1600)	(1, 1600)	(1, 1600)	(1, 1600)	(1, 1600)	(1, 1600)	(1, 1600)	(1, 1600)	(1, 1600)	(1, 1600)	(1, 1600)	(1, 1600)	Na	(1, 1600)	(1, 1600)	(1, 1600)	(1, 1600)	(1, 1600)	(1, 1600)	(1, 1600)	(1, 1600)	(1, 1600)	(1, 1600)	(1, 1600)	(1, 1600)	(1, 1600)	(1, 1600)	(1, 1600)	(1, 1600)	(1, 1600)	(1, 1600)	(1, 1600)	(1, 1600)	(1, 1600)	(1, 1600)	(1, 1600)	(1, 1600)	(1, 1600)	(1, 1600)	(1, 1600)	(1, 1600)	(1, 1600)	(1, 1600)	(1, 1600)	(1, 1600)	(1, 1600)
ExifInteroperabilityOffset	38224	38224	38224	38224	38350	38350	38350	38350	38350	38350	38350	38350	38350	38350	38350	38350	38350	38350	38350	38350	38350	38350	38350	38350	38350	38350	38350	38350	38350	38350	38350	38350	38350	38350	38350	38350	38350	38350	38350	38350	38350	38350	38350	38350	38350	38350	38350	38350	38350	38350	38350	38350	38224	38224	38224	38350	38350	38350	38350	38350	38350	38350	38350	38350	38350	Na	38350	38350	38350	38350	38350	38350	38350	38350	38350	38350	38350	38350	38350	38350	38350	38350	38350	38350	38350	38350	38350	38350	38350	38350	38350	38350	38350	38350	38350	38350	38350	38350	38350
FNumber	(35, 10)	(35, 10)	(35, 10)	(35, 10)	(35, 10)	(35, 10)	(35, 10)	(35, 10)	(35, 10)	(35, 10)	(35, 10)	(35, 10)	(35, 10)	(35, 10)	(35, 10)	(35, 10)	(35, 10)	(35, 10)	(35, 10)	(35, 10)	(35, 10)	(35, 10)	(35, 10)	(35, 10)	(35, 10)	(35, 10)	(35, 10)	(35, 10)	(35, 10)	(35, 10)	(35, 10)	(35, 10)	(35, 10)	(35, 10)	(35, 10)	(35, 10)	(35, 10)	(35, 10)	(35, 10)	(35, 10)	(35, 10)	(35, 10)	(35, 10)	(35, 10)	(35, 10)	(35, 10)	(35, 10)	(35, 10)	(35, 10)	(35, 10)	(35, 10)	(35, 10)	(35, 10)	(35, 10)	(35, 10)	(35, 10)	(35, 10)	(35, 10)	(35, 10)	(35, 10)	(35, 10)	(35, 10)	(35, 10)	(35, 10)	(35, 10)	Na	(35, 10)	(35, 10)	(35, 10)	(35, 10)	(35, 10)	(35, 10)	(35, 10)	(35, 10)	(35, 10)	(35, 10)	(35, 10)	(35, 10)	(35, 10)	(35, 10)	(35, 10)	(35, 10)	(35, 10)	(35, 10)	(35, 10)	(35, 10)	(35, 10)	(35, 10)	(35, 10)	(35, 10)	(35, 10)	(35, 10)	(35, 10)	(35, 10)	(35, 10)	(35, 10)	(35, 10)	(35, 10)	(35, 10)
SceneType	b'\x01'	b'\x01'	b'\x01'	b'\x01'	b'\x01'	b'\x01'	b'\x01'	b'\x01'	b'\x01'	b'\x01'	b'\x01'	b'\x01'	b'\x01'	b'\x01'	b'\x01'	b'\x01'	b'\x01'	b'\x01'	b'\x01'	b'\x01'	b'\x01'	b'\x01'	b'\x01'	b'\x01'	b'\x01'	b'\x01'	b'\x01'	b'\x01'	b'\x01'	b'\x01'	b'\x01'	b'\x01'	b'\x01'	b'\x01'	b'\x01'	b'\x01'	b'\x01'	b'\x01'	b'\x01'	b'\x01'	b'\x01'	b'\x01'	b'\x01'	b'\x01'	b'\x01'	b'\x01'	b'\x01'	b'\x01'	b'\x01'	b'\x01'	b'\x01'	b'\x01'	b'\x01'	b'\x01'	b'\x01'	b'\x01'	b'\x01'	b'\x01'	b'\x01'	b'\x01'	b'\x01'	b'\x01'	b'\x01'	b'\x01'	b'\x01'	Na	b'\x01'	b'\x01'	b'\x01'	b'\x01'	b'\x01'	b'\x01'	b'\x01'	b'\x01'	b'\x01'	b'\x01'	b'\x01'	b'\x01'	b'\x01'	b'\x01'	b'\x01'	b'\x01'	b'\x01'	b'\x01'	b'\x01'	b'\x01'	b'\x01'	b'\x01'	b'\x01'	b'\x01'	b'\x01'	b'\x01'	b'\x01'	b'\x01'	b'\x01'	b'\x01'	b'\x01'	b'\x01'	b'\x01'
ExposureProgram	1	1	1	1	1	1	1	1	1	1	1	1	1	1	1	1	1	1	1	1	1	1	1	1	1	1	1	1	1	1	1	1	1	1	1	1	1	1	1	1	1	1	1	1	1	1	1	1	1	1	1	1	1	1	1	1	1	1	1	1	1	1	1	1	1	Na	1	1	1	1	1	1	1	1	1	1	1	1	1	1	1	1	1	1	1	1	1	1	1	1	1	1	1	1	1	1	1	1	1
CustomRendered	0	0	0	0	0	0	0	0	0	0	0	0	0	0	0	0	0	0	0	0	0	0	0	0	0	0	0	0	0	0	0	0	0	0	0	0	0	0	0	0	0	0	0	0	0	0	0	0	0	0	0	0	0	0	0	0	0	0	0	0	0	0	0	0	0	Na	0	0	0	0	0	0	0	0	0	0	0	0	0	0	0	0	0	0	0	0	0	0	0	0	0	0	0	0	0	0	0	0	0
ISOSpeedRatings	100	100	100	100	100	100	100	100	100	100	100	100	100	100	100	100	100	100	100	100	100	100	100	100	100	100	100	100	100	100	100	100	100	100	100	100	100	100	100	100	100	100	100	100	100	100	100	100	100	100	100	100	100	100	100	100	100	100	100	100	100	100	100	100	100	Na	100	100	100	100	100	100	100	100	100	100	100	100	100	100	100	100	100	100	100	100	100	100	100	100	100	100	100	100	100	100	100	100	100
ExposureMode	1	1	1	1	1	1	1	1	1	1	1	1	1	1	1	1	1	1	1	1	1	1	1	1	1	1	1	1	1	1	1	1	1	1	1	1	1	1	1	1	1	1	1	1	1	1	1	1	1	1	1	1	1	1	1	1	1	1	1	1	1	1	1	1	1	Na	1	1	1	1	1	1	1	1	1	1	1	1	1	1	1	1	1	1	1	1	1	1	1	1	1	1	1	1	1	1	1	1	1
FlashPixVersion	b'0100'	b'0100'	b'0100'	b'0100'	b'0100'	b'0100'	b'0100'	b'0100'	b'0100'	b'0100'	b'0100'	b'0100'	b'0100'	b'0100'	b'0100'	b'0100'	b'0100'	b'0100'	b'0100'	b'0100'	b'0100'	b'0100'	b'0100'	b'0100'	b'0100'	b'0100'	b'0100'	b'0100'	b'0100'	b'0100'	b'0100'	b'0100'	b'0100'	b'0100'	b'0100'	b'0100'	b'0100'	b'0100'	b'0100'	b'0100'	b'0100'	b'0100'	b'0100'	b'0100'	b'0100'	b'0100'	b'0100'	b'0100'	b'0100'	b'0100'	b'0100'	b'0100'	b'0100'	b'0100'	b'0100'	b'0100'	b'0100'	b'0100'	b'0100'	b'0100'	b'0100'	b'0100'	b'0100'	b'0100'	b'0100'	Na	b'0100'	b'0100'	b'0100'	b'0100'	b'0100'	b'0100'	b'0100'	b'0100'	b'0100'	b'0100'	b'0100'	b'0100'	b'0100'	b'0100'	b'0100'	b'0100'	b'0100'	b'0100'	b'0100'	b'0100'	b'0100'	b'0100'	b'0100'	b'0100'	b'0100'	b'0100'	b'0100'	b'0100'	b'0100'	b'0100'	b'0100'	b'0100'	b'0100'
34864	2	2	2	2	2	2	2	2	2	2	2	2	2	2	2	2	2	2	2	2	2	2	2	2	2	2	2	2	2	2	2	2	2	2	2	2	2	2	2	2	2	2	2	2	2	2	2	2	2	2	2	2	2	2	2	2	2	2	2	2	2	2	2	2	2	Na	2	2	2	2	2	2	2	2	2	2	2	2	2	2	2	2	2	2	2	2	2	2	2	2	2	2	2	2	2	2	2	2	2
WhiteBalance	0	0	0	0	0	0	0	0	0	0	0	0	0	0	0	0	0	0	0	0	0	0	0	0	0	0	0	0	0	0	0	0	0	0	0	0	0	0	0	0	0	0	0	0	0	0	0	0	0	0	0	0	0	0	0	0	0	0	0	0	0	0	0	0	0	Na	0	0	0	0	0	0	0	0	0	0	0	0	0	0	0	0	0	0	0	0	0	0	0	0	0	0	0	0	0	0	0	0	0
34866	100	100	100	100	100	100	100	100	100	100	100	100	100	100	100	100	100	100	100	100	100	100	100	100	100	100	100	100	100	100	100	100	100	100	100	100	100	100	100	100	100	100	100	100	100	100	100	100	100	100	100	100	100	100	100	100	100	100	100	100	100	100	100	100	100	Na	100	100	100	100	100	100	100	100	100	100	100	100	100	100	100	100	100	100	100	100	100	100	100	100	100	100	100	100	100	100	100	100	100
LensSpecification	((160, 10), (500, 10), (35, 10), (56, 10))	((160, 10), (500, 10), (35, 10), (56, 10))	((160, 10), (500, 10), (35, 10), (56, 10))	((160, 10), (500, 10), (35, 10), (56, 10))	((160, 10), (500, 10), (35, 10), (56, 10))	((160, 10), (500, 10), (35, 10), (56, 10))	((160, 10), (500, 10), (35, 10), (56, 10))	((160, 10), (500, 10), (35, 10), (56, 10))	((160, 10), (500, 10), (35, 10), (56, 10))	((160, 10), (500, 10), (35, 10), (56, 10))	((160, 10), (500, 10), (35, 10), (56, 10))	((160, 10), (500, 10), (35, 10), (56, 10))	((160, 10), (500, 10), (35, 10), (56, 10))	((160, 10), (500, 10), (35, 10), (56, 10))	((160, 10), (500, 10), (35, 10), (56, 10))	((160, 10), (500, 10), (35, 10), (56, 10))	((160, 10), (500, 10), (35, 10), (56, 10))	((160, 10), (500, 10), (35, 10), (56, 10))	((160, 10), (500, 10), (35, 10), (56, 10))	((160, 10), (500, 10), (35, 10), (56, 10))	((160, 10), (500, 10), (35, 10), (56, 10))	((160, 10), (500, 10), (35, 10), (56, 10))	((160, 10), (500, 10), (35, 10), (56, 10))	((160, 10), (500, 10), (35, 10), (56, 10))	((160, 10), (500, 10), (35, 10), (56, 10))	((160, 10), (500, 10), (35, 10), (56, 10))	((160, 10), (500, 10), (35, 10), (56, 10))	((160, 10), (500, 10), (35, 10), (56, 10))	((160, 10), (500, 10), (35, 10), (56, 10))	((160, 10), (500, 10), (35, 10), (56, 10))	((160, 10), (500, 10), (35, 10), (56, 10))	((160, 10), (500, 10), (35, 10), (56, 10))	((160, 10), (500, 10), (35, 10), (56, 10))	((160, 10), (500, 10), (35, 10), (56, 10))	((160, 10), (500, 10), (35, 10), (56, 10))	((160, 10), (500, 10), (35, 10), (56, 10))	((160, 10), (500, 10), (35, 10), (56, 10))	((160, 10), (500, 10), (35, 10), (56, 10))	((160, 10), (500, 10), (35, 10), (56, 10))	((160, 10), (500, 10), (35, 10), (56, 10))	((160, 10), (500, 10), (35, 10), (56, 10))	((160, 10), (500, 10), (35, 10), (56, 10))	((160, 10), (500, 10), (35, 10), (56, 10))	((160, 10), (500, 10), (35, 10), (56, 10))	((160, 10), (500, 10), (35, 10), (56, 10))	((160, 10), (500, 10), (35, 10), (56, 10))	((160, 10), (500, 10), (35, 10), (56, 10))	((160, 10), (500, 10), (35, 10), (56, 10))	((160, 10), (500, 10), (35, 10), (56, 10))	((160, 10), (500, 10), (35, 10), (56, 10))	((160, 10), (500, 10), (35, 10), (56, 10))	((160, 10), (500, 10), (35, 10), (56, 10))	((160, 10), (500, 10), (35, 10), (56, 10))	((160, 10), (500, 10), (35, 10), (56, 10))	((160, 10), (500, 10), (35, 10), (56, 10))	((160, 10), (500, 10), (35, 10), (56, 10))	((160, 10), (500, 10), (35, 10), (56, 10))	((160, 10), (500, 10), (35, 10), (56, 10))	((160, 10), (500, 10), (35, 10), (56, 10))	((160, 10), (500, 10), (35, 10), (56, 10))	((160, 10), (500, 10), (35, 10), (56, 10))	((160, 10), (500, 10), (35, 10), (56, 10))	((160, 10), (500, 10), (35, 10), (56, 10))	((160, 10), (500, 10), (35, 10), (56, 10))	((160, 10), (500, 10), (35, 10), (56, 10))	Na	((160, 10), (500, 10), (35, 10), (56, 10))	((160, 10), (500, 10), (35, 10), (56, 10))	((160, 10), (500, 10), (35, 10), (56, 10))	((160, 10), (500, 10), (35, 10), (56, 10))	((160, 10), (500, 10), (35, 10), (56, 10))	((160, 10), (500, 10), (35, 10), (56, 10))	((160, 10), (500, 10), (35, 10), (56, 10))	((160, 10), (500, 10), (35, 10), (56, 10))	((160, 10), (500, 10), (35, 10), (56, 10))	((160, 10), (500, 10), (35, 10), (56, 10))	((160, 10), (500, 10), (35, 10), (56, 10))	((160, 10), (500, 10), (35, 10), (56, 10))	((160, 10), (500, 10), (35, 10), (56, 10))	((160, 10), (500, 10), (35, 10), (56, 10))	((160, 10), (500, 10), (35, 10), (56, 10))	((160, 10), (500, 10), (35, 10), (56, 10))	((160, 10), (500, 10), (35, 10), (56, 10))	((160, 10), (500, 10), (35, 10), (56, 10))	((160, 10), (500, 10), (35, 10), (56, 10))	((160, 10), (500, 10), (35, 10), (56, 10))	((160, 10), (500, 10), (35, 10), (56, 10))	((160, 10), (500, 10), (35, 10), (56, 10))	((160, 10), (500, 10), (35, 10), (56, 10))	((160, 10), (500, 10), (35, 10), (56, 10))	((160, 10), (500, 10), (35, 10), (56, 10))	((160, 10), (500, 10), (35, 10), (56, 10))	((160, 10), (500, 10), (35, 10), (56, 10))	((160, 10), (500, 10), (35, 10), (56, 10))	((160, 10), (500, 10), (35, 10), (56, 10))	((160, 10), (500, 10), (35, 10), (56, 10))	((160, 10), (500, 10), (35, 10), (56, 10))	((160, 10), (500, 10), (35, 10), (56, 10))	((160, 10), (500, 10), (35, 10), (56, 10))
LensModel	E PZ 16-50mm F3.5-5.6 OSS	E PZ 16-50mm F3.5-5.6 OSS	E PZ 16-50mm F3.5-5.6 OSS	E PZ 16-50mm F3.5-5.6 OSS	E PZ 16-50mm F3.5-5.6 OSS	E PZ 16-50mm F3.5-5.6 OSS	E PZ 16-50mm F3.5-5.6 OSS	E PZ 16-50mm F3.5-5.6 OSS	E PZ 16-50mm F3.5-5.6 OSS	E PZ 16-50mm F3.5-5.6 OSS	E PZ 16-50mm F3.5-5.6 OSS	E PZ 16-50mm F3.5-5.6 OSS	E PZ 16-50mm F3.5-5.6 OSS	E PZ 16-50mm F3.5-5.6 OSS	E PZ 16-50mm F3.5-5.6 OSS	E PZ 16-50mm F3.5-5.6 OSS	E PZ 16-50mm F3.5-5.6 OSS	E PZ 16-50mm F3.5-5.6 OSS	E PZ 16-50mm F3.5-5.6 OSS	E PZ 16-50mm F3.5-5.6 OSS	E PZ 16-50mm F3.5-5.6 OSS	E PZ 16-50mm F3.5-5.6 OSS	E PZ 16-50mm F3.5-5.6 OSS	E PZ 16-50mm F3.5-5.6 OSS	E PZ 16-50mm F3.5-5.6 OSS	E PZ 16-50mm F3.5-5.6 OSS	E PZ 16-50mm F3.5-5.6 OSS	E PZ 16-50mm F3.5-5.6 OSS	E PZ 16-50mm F3.5-5.6 OSS	E PZ 16-50mm F3.5-5.6 OSS	E PZ 16-50mm F3.5-5.6 OSS	E PZ 16-50mm F3.5-5.6 OSS	E PZ 16-50mm F3.5-5.6 OSS	E PZ 16-50mm F3.5-5.6 OSS	E PZ 16-50mm F3.5-5.6 OSS	E PZ 16-50mm F3.5-5.6 OSS	E PZ 16-50mm F3.5-5.6 OSS	E PZ 16-50mm F3.5-5.6 OSS	E PZ 16-50mm F3.5-5.6 OSS	E PZ 16-50mm F3.5-5.6 OSS	E PZ 16-50mm F3.5-5.6 OSS	E PZ 16-50mm F3.5-5.6 OSS	E PZ 16-50mm F3.5-5.6 OSS	E PZ 16-50mm F3.5-5.6 OSS	E PZ 16-50mm F3.5-5.6 OSS	E PZ 16-50mm F3.5-5.6 OSS	E PZ 16-50mm F3.5-5.6 OSS	E PZ 16-50mm F3.5-5.6 OSS	E PZ 16-50mm F3.5-5.6 OSS	E PZ 16-50mm F3.5-5.6 OSS	E PZ 16-50mm F3.5-5.6 OSS	E PZ 16-50mm F3.5-5.6 OSS	E PZ 16-50mm F3.5-5.6 OSS	E PZ 16-50mm F3.5-5.6 OSS	E PZ 16-50mm F3.5-5.6 OSS	E PZ 16-50mm F3.5-5.6 OSS	E PZ 16-50mm F3.5-5.6 OSS	E PZ 16-50mm F3.5-5.6 OSS	E PZ 16-50mm F3.5-5.6 OSS	E PZ 16-50mm F3.5-5.6 OSS	E PZ 16-50mm F3.5-5.6 OSS	E PZ 16-50mm F3.5-5.6 OSS	E PZ 16-50mm F3.5-5.6 OSS	E PZ 16-50mm F3.5-5.6 OSS	E PZ 16-50mm F3.5-5.6 OSS	Na	E PZ 16-50mm F3.5-5.6 OSS	E PZ 16-50mm F3.5-5.6 OSS	E PZ 16-50mm F3.5-5.6 OSS	E PZ 16-50mm F3.5-5.6 OSS	E PZ 16-50mm F3.5-5.6 OSS	E PZ 16-50mm F3.5-5.6 OSS	E PZ 16-50mm F3.5-5.6 OSS	E PZ 16-50mm F3.5-5.6 OSS	E PZ 16-50mm F3.5-5.6 OSS	E PZ 16-50mm F3.5-5.6 OSS	E PZ 16-50mm F3.5-5.6 OSS	E PZ 16-50mm F3.5-5.6 OSS	E PZ 16-50mm F3.5-5.6 OSS	E PZ 16-50mm F3.5-5.6 OSS	E PZ 16-50mm F3.5-5.6 OSS	E PZ 16-50mm F3.5-5.6 OSS	E PZ 16-50mm F3.5-5.6 OSS	E PZ 16-50mm F3.5-5.6 OSS	E PZ 16-50mm F3.5-5.6 OSS	E PZ 16-50mm F3.5-5.6 OSS	E PZ 16-50mm F3.5-5.6 OSS	E PZ 16-50mm F3.5-5.6 OSS	E PZ 16-50mm F3.5-5.6 OSS	E PZ 16-50mm F3.5-5.6 OSS	E PZ 16-50mm F3.5-5.6 OSS	E PZ 16-50mm F3.5-5.6 OSS	E PZ 16-50mm F3.5-5.6 OSS	E PZ 16-50mm F3.5-5.6 OSS	E PZ 16-50mm F3.5-5.6 OSS	E PZ 16-50mm F3.5-5.6 OSS	E PZ 16-50mm F3.5-5.6 OSS	E PZ 16-50mm F3.5-5.6 OSS	E PZ 16-50mm F3.5-5.6 OSS
DigitalZoomRatio	(16, 16)	(16, 16)	(16, 16)	(16, 16)	(16, 16)	(16, 16)	(16, 16)	(16, 16)	(16, 16)	(16, 16)	(16, 16)	(16, 16)	(16, 16)	(16, 16)	(16, 16)	(16, 16)	(16, 16)	(16, 16)	(16, 16)	(16, 16)	(16, 16)	(16, 16)	(16, 16)	(16, 16)	(16, 16)	(16, 16)	(16, 16)	(16, 16)	(16, 16)	(16, 16)	(16, 16)	(16, 16)	(16, 16)	(16, 16)	(16, 16)	(16, 16)	(16, 16)	(16, 16)	(16, 16)	(16, 16)	(16, 16)	(16, 16)	(16, 16)	(16, 16)	(16, 16)	(16, 16)	(16, 16)	(16, 16)	(16, 16)	(16, 16)	(16, 16)	(16, 16)	(16, 16)	(16, 16)	(16, 16)	(16, 16)	(16, 16)	(16, 16)	(16, 16)	(16, 16)	(16, 16)	(16, 16)	(16, 16)	(16, 16)	(16, 16)	Na	(16, 16)	(16, 16)	(16, 16)	(16, 16)	(16, 16)	(16, 16)	(16, 16)	(16, 16)	(16, 16)	(16, 16)	(16, 16)	(16, 16)	(16, 16)	(16, 16)	(16, 16)	(16, 16)	(16, 16)	(16, 16)	(16, 16)	(16, 16)	(16, 16)	(16, 16)	(16, 16)	(16, 16)	(16, 16)	(16, 16)	(16, 16)	(16, 16)	(16, 16)	(16, 16)	(16, 16)	(16, 16)	(16, 16)
FocalLengthIn35mmFilm	24	24	24	24	24	24	24	24	24	24	24	24	24	24	24	24	24	24	24	24	24	24	24	24	24	24	24	24	24	24	24	24	24	24	24	24	24	24	24	24	24	24	24	24	24	24	24	24	24	24	24	24	24	24	24	24	24	24	24	24	24	24	24	24	24	Na	24	24	24	24	24	24	24	24	24	24	24	24	24	24	24	24	24	24	24	24	24	24	24	24	24	24	24	24	24	24	24	24	24
MakerNote	b'SONY DSC \x00\x00\x00^\x00\x03\x10\x04\x00\x10\x00\x00\x00\x10\x08\x00\x00\x00 \x07\x00\x01\x00\x00\x00\x00\x00\x00\x00\x02 '	b'SONY DSC \x00\x00\x00^\x00\x03\x10\x04\x00\x10\x00\x00\x00\x10\x08\x00\x00\x00 \x07\x00\x01\x00\x00\x00\x00\x00\x00\x00\x02 '	b'SONY DSC \x00\x00\x00^\x00\x03\x10\x04\x00\x10\x00\x00\x00\x10\x08\x00\x00\x00 \x07\x00\x01\x00\x00\x00\x00\x00\x00\x00\x02 '	b'SONY DSC \x00\x00\x00^\x00\x03\x10\x04\x00\x10\x00\x00\x00\x10\x08\x00\x00\x00 \x07\x00\x01\x00\x00\x00\x00\x00\x00\x00\x02 '	b'SONY DSC \x00\x00\x00^\x00\x03\x10\x04\x00\x10\x00\x00\x00\x10\x08\x00\x00\x00 \x07\x00\x01\x00\x00\x00\x00\x00\x00\x00\x02 '	b'SONY DSC \x00\x00\x00^\x00\x03\x10\x04\x00\x10\x00\x00\x00\x10\x08\x00\x00\x00 \x07\x00\x01\x00\x00\x00\x00\x00\x00\x00\x02 '	b'SONY DSC \x00\x00\x00^\x00\x03\x10\x04\x00\x10\x00\x00\x00\x10\x08\x00\x00\x00 \x07\x00\x01\x00\x00\x00\x00\x00\x00\x00\x02 '	b'SONY DSC \x00\x00\x00^\x00\x03\x10\x04\x00\x10\x00\x00\x00\x10\x08\x00\x00\x00 \x07\x00\x01\x00\x00\x00\x00\x00\x00\x00\x02 '	b'SONY DSC \x00\x00\x00^\x00\x03\x10\x04\x00\x10\x00\x00\x00\x10\x08\x00\x00\x00 \x07\x00\x01\x00\x00\x00\x00\x00\x00\x00\x02 '	b'SONY DSC \x00\x00\x00^\x00\x03\x10\x04\x00\x10\x00\x00\x00\x10\x08\x00\x00\x00 \x07\x00\x01\x00\x00\x00\x00\x00\x00\x00\x02 '	b'SONY DSC \x00\x00\x00^\x00\x03\x10\x04\x00\x10\x00\x00\x00\x10\x08\x00\x00\x00 \x07\x00\x01\x00\x00\x00\x00\x00\x00\x00\x02 '	b'SONY DSC \x00\x00\x00^\x00\x03\x10\x04\x00\x10\x00\x00\x00\x10\x08\x00\x00\x00 \x07\x00\x01\x00\x00\x00\x00\x00\x00\x00\x02 '	b'SONY DSC \x00\x00\x00^\x00\x03\x10\x04\x00\x10\x00\x00\x00\x10\x08\x00\x00\x00 \x07\x00\x01\x00\x00\x00\x00\x00\x00\x00\x02 '	b'SONY DSC \x00\x00\x00^\x00\x03\x10\x04\x00\x10\x00\x00\x00\x10\x08\x00\x00\x00 \x07\x00\x01\x00\x00\x00\x00\x00\x00\x00\x02 '	b'SONY DSC \x00\x00\x00^\x00\x03\x10\x04\x00\x10\x00\x00\x00\x10\x08\x00\x00\x00 \x07\x00\x01\x00\x00\x00\x00\x00\x00\x00\x02 '	b'SONY DSC \x00\x00\x00^\x00\x03\x10\x04\x00\x10\x00\x00\x00\x10\x08\x00\x00\x00 \x07\x00\x01\x00\x00\x00\x00\x00\x00\x00\x02 '	b'SONY DSC \x00\x00\x00^\x00\x03\x10\x04\x00\x10\x00\x00\x00\x10\x08\x00\x00\x00 \x07\x00\x01\x00\x00\x00\x00\x00\x00\x00\x02 '	b'SONY DSC \x00\x00\x00^\x00\x03\x10\x04\x00\x10\x00\x00\x00\x10\x08\x00\x00\x00 \x07\x00\x01\x00\x00\x00\x00\x00\x00\x00\x02 '	b'SONY DSC \x00\x00\x00^\x00\x03\x10\x04\x00\x10\x00\x00\x00\x10\x08\x00\x00\x00 \x07\x00\x01\x00\x00\x00\x00\x00\x00\x00\x02 '	b'SONY DSC \x00\x00\x00^\x00\x03\x10\x04\x00\x10\x00\x00\x00\x10\x08\x00\x00\x00 \x07\x00\x01\x00\x00\x00\x00\x00\x00\x00\x02 '	b'SONY DSC \x00\x00\x00^\x00\x03\x10\x04\x00\x10\x00\x00\x00\x10\x08\x00\x00\x00 \x07\x00\x01\x00\x00\x00\x00\x00\x00\x00\x02 '	b'SONY DSC \x00\x00\x00^\x00\x03\x10\x04\x00\x10\x00\x00\x00\x10\x08\x00\x00\x00 \x07\x00\x01\x00\x00\x00\x00\x00\x00\x00\x02 '	b'SONY DSC \x00\x00\x00^\x00\x03\x10\x04\x00\x10\x00\x00\x00\x10\x08\x00\x00\x00 \x07\x00\x01\x00\x00\x00\x00\x00\x00\x00\x02 '	b'SONY DSC \x00\x00\x00^\x00\x03\x10\x04\x00\x10\x00\x00\x00\x10\x08\x00\x00\x00 \x07\x00\x01\x00\x00\x00\x00\x00\x00\x00\x02 '	b'SONY DSC \x00\x00\x00^\x00\x03\x10\x04\x00\x10\x00\x00\x00\x10\x08\x00\x00\x00 \x07\x00\x01\x00\x00\x00\x00\x00\x00\x00\x02 '	b'SONY DSC \x00\x00\x00^\x00\x03\x10\x04\x00\x10\x00\x00\x00\x10\x08\x00\x00\x00 \x07\x00\x01\x00\x00\x00\x00\x00\x00\x00\x02 '	b'SONY DSC \x00\x00\x00^\x00\x03\x10\x04\x00\x10\x00\x00\x00\x10\x08\x00\x00\x00 \x07\x00\x01\x00\x00\x00\x00\x00\x00\x00\x02 '	b'SONY DSC \x00\x00\x00^\x00\x03\x10\x04\x00\x10\x00\x00\x00\x10\x08\x00\x00\x00 \x07\x00\x01\x00\x00\x00\x00\x00\x00\x00\x02 '	b'SONY DSC \x00\x00\x00^\x00\x03\x10\x04\x00\x10\x00\x00\x00\x10\x08\x00\x00\x00 \x07\x00\x01\x00\x00\x00\x00\x00\x00\x00\x02 '	b'SONY DSC \x00\x00\x00^\x00\x03\x10\x04\x00\x10\x00\x00\x00\x10\x08\x00\x00\x00 \x07\x00\x01\x00\x00\x00\x00\x00\x00\x00\x02 '	b'SONY DSC \x00\x00\x00^\x00\x03\x10\x04\x00\x10\x00\x00\x00\x10\x08\x00\x00\x00 \x07\x00\x01\x00\x00\x00\x00\x00\x00\x00\x02 '	b'SONY DSC \x00\x00\x00^\x00\x03\x10\x04\x00\x10\x00\x00\x00\x10\x08\x00\x00\x00 \x07\x00\x01\x00\x00\x00\x00\x00\x00\x00\x02 '	b'SONY DSC \x00\x00\x00^\x00\x03\x10\x04\x00\x10\x00\x00\x00\x10\x08\x00\x00\x00 \x07\x00\x01\x00\x00\x00\x00\x00\x00\x00\x02 '	b'SONY DSC \x00\x00\x00^\x00\x03\x10\x04\x00\x10\x00\x00\x00\x10\x08\x00\x00\x00 \x07\x00\x01\x00\x00\x00\x00\x00\x00\x00\x02 '	b'SONY DSC \x00\x00\x00^\x00\x03\x10\x04\x00\x10\x00\x00\x00\x10\x08\x00\x00\x00 \x07\x00\x01\x00\x00\x00\x00\x00\x00\x00\x02 '	b'SONY DSC \x00\x00\x00^\x00\x03\x10\x04\x00\x10\x00\x00\x00\x10\x08\x00\x00\x00 \x07\x00\x01\x00\x00\x00\x00\x00\x00\x00\x02 '	b'SONY DSC \x00\x00\x00^\x00\x03\x10\x04\x00\x10\x00\x00\x00\x10\x08\x00\x00\x00 \x07\x00\x01\x00\x00\x00\x00\x00\x00\x00\x02 '	b'SONY DSC \x00\x00\x00^\x00\x03\x10\x04\x00\x10\x00\x00\x00\x10\x08\x00\x00\x00 \x07\x00\x01\x00\x00\x00\x00\x00\x00\x00\x02 '	b'SONY DSC \x00\x00\x00^\x00\x03\x10\x04\x00\x10\x00\x00\x00\x10\x08\x00\x00\x00 \x07\x00\x01\x00\x00\x00\x00\x00\x00\x00\x02 '	b'SONY DSC \x00\x00\x00^\x00\x03\x10\x04\x00\x10\x00\x00\x00\x10\x08\x00\x00\x00 \x07\x00\x01\x00\x00\x00\x00\x00\x00\x00\x02 '	b'SONY DSC \x00\x00\x00^\x00\x03\x10\x04\x00\x10\x00\x00\x00\x10\x08\x00\x00\x00 \x07\x00\x01\x00\x00\x00\x00\x00\x00\x00\x02 '	b'SONY DSC \x00\x00\x00^\x00\x03\x10\x04\x00\x10\x00\x00\x00\x10\x08\x00\x00\x00 \x07\x00\x01\x00\x00\x00\x00\x00\x00\x00\x02 '	b'SONY DSC \x00\x00\x00^\x00\x03\x10\x04\x00\x10\x00\x00\x00\x10\x08\x00\x00\x00 \x07\x00\x01\x00\x00\x00\x00\x00\x00\x00\x02 '	b'SONY DSC \x00\x00\x00^\x00\x03\x10\x04\x00\x10\x00\x00\x00\x10\x08\x00\x00\x00 \x07\x00\x01\x00\x00\x00\x00\x00\x00\x00\x02 '	b'SONY DSC \x00\x00\x00^\x00\x03\x10\x04\x00\x10\x00\x00\x00\x10\x08\x00\x00\x00 \x07\x00\x01\x00\x00\x00\x00\x00\x00\x00\x02 '	b'SONY DSC \x00\x00\x00^\x00\x03\x10\x04\x00\x10\x00\x00\x00\x10\x08\x00\x00\x00 \x07\x00\x01\x00\x00\x00\x00\x00\x00\x00\x02 '	b'SONY DSC \x00\x00\x00^\x00\x03\x10\x04\x00\x10\x00\x00\x00\x10\x08\x00\x00\x00 \x07\x00\x01\x00\x00\x00\x00\x00\x00\x00\x02 '	b'SONY DSC \x00\x00\x00^\x00\x03\x10\x04\x00\x10\x00\x00\x00\x10\x08\x00\x00\x00 \x07\x00\x01\x00\x00\x00\x00\x00\x00\x00\x02 '	b'SONY DSC \x00\x00\x00^\x00\x03\x10\x04\x00\x10\x00\x00\x00\x10\x08\x00\x00\x00 \x07\x00\x01\x00\x00\x00\x00\x00\x00\x00\x02 '	b'SONY DSC \x00\x00\x00^\x00\x03\x10\x04\x00\x10\x00\x00\x00\x10\x08\x00\x00\x00 \x07\x00\x01\x00\x00\x00\x00\x00\x00\x00\x02 '	b'SONY DSC \x00\x00\x00^\x00\x03\x10\x04\x00\x10\x00\x00\x00\x10\x08\x00\x00\x00 \x07\x00\x01\x00\x00\x00\x00\x00\x00\x00\x02 '	b'SONY DSC \x00\x00\x00^\x00\x03\x10\x04\x00\x10\x00\x00\x00\x10\x08\x00\x00\x00 \x07\x00\x01\x00\x00\x00\x00\x00\x00\x00\x02 '	b'SONY DSC \x00\x00\x00^\x00\x03\x10\x04\x00\x10\x00\x00\x00\x10\x08\x00\x00\x00 \x07\x00\x01\x00\x00\x00\x00\x00\x00\x00\x02 '	b'SONY DSC \x00\x00\x00^\x00\x03\x10\x04\x00\x10\x00\x00\x00\x10\x08\x00\x00\x00 \x07\x00\x01\x00\x00\x00\x00\x00\x00\x00\x02 '	b'SONY DSC \x00\x00\x00^\x00\x03\x10\x04\x00\x10\x00\x00\x00\x10\x08\x00\x00\x00 \x07\x00\x01\x00\x00\x00\x00\x00\x00\x00\x02 '	b'SONY DSC \x00\x00\x00^\x00\x03\x10\x04\x00\x10\x00\x00\x00\x10\x08\x00\x00\x00 \x07\x00\x01\x00\x00\x00\x00\x00\x00\x00\x02 '	b'SONY DSC \x00\x00\x00^\x00\x03\x10\x04\x00\x10\x00\x00\x00\x10\x08\x00\x00\x00 \x07\x00\x01\x00\x00\x00\x00\x00\x00\x00\x02 '	b'SONY DSC \x00\x00\x00^\x00\x03\x10\x04\x00\x10\x00\x00\x00\x10\x08\x00\x00\x00 \x07\x00\x01\x00\x00\x00\x00\x00\x00\x00\x02 '	b'SONY DSC \x00\x00\x00^\x00\x03\x10\x04\x00\x10\x00\x00\x00\x10\x08\x00\x00\x00 \x07\x00\x01\x00\x00\x00\x00\x00\x00\x00\x02 '	b'SONY DSC \x00\x00\x00^\x00\x03\x10\x04\x00\x10\x00\x00\x00\x10\x08\x00\x00\x00 \x07\x00\x01\x00\x00\x00\x00\x00\x00\x00\x02 '	b'SONY DSC \x00\x00\x00^\x00\x03\x10\x04\x00\x10\x00\x00\x00\x10\x08\x00\x00\x00 \x07\x00\x01\x00\x00\x00\x00\x00\x00\x00\x02 '	b'SONY DSC \x00\x00\x00^\x00\x03\x10\x04\x00\x10\x00\x00\x00\x10\x08\x00\x00\x00 \x07\x00\x01\x00\x00\x00\x00\x00\x00\x00\x02 '	b'SONY DSC \x00\x00\x00^\x00\x03\x10\x04\x00\x10\x00\x00\x00\x10\x08\x00\x00\x00 \x07\x00\x01\x00\x00\x00\x00\x00\x00\x00\x02 '	b'SONY DSC \x00\x00\x00^\x00\x03\x10\x04\x00\x10\x00\x00\x00\x10\x08\x00\x00\x00 \x07\x00\x01\x00\x00\x00\x00\x00\x00\x00\x02 '	b'SONY DSC \x00\x00\x00^\x00\x03\x10\x04\x00\x10\x00\x00\x00\x10\x08\x00\x00\x00 \x07\x00\x01\x00\x00\x00\x00\x00\x00\x00\x02 '	Na	b'SONY DSC \x00\x00\x00^\x00\x03\x10\x04\x00\x10\x00\x00\x00\x10\x08\x00\x00\x00 \x07\x00\x01\x00\x00\x00\x00\x00\x00\x00\x02 '	b'SONY DSC \x00\x00\x00^\x00\x03\x10\x04\x00\x10\x00\x00\x00\x10\x08\x00\x00\x00 \x07\x00\x01\x00\x00\x00\x00\x00\x00\x00\x02 '	b'SONY DSC \x00\x00\x00^\x00\x03\x10\x04\x00\x10\x00\x00\x00\x10\x08\x00\x00\x00 \x07\x00\x01\x00\x00\x00\x00\x00\x00\x00\x02 '	b'SONY DSC \x00\x00\x00^\x00\x03\x10\x04\x00\x10\x00\x00\x00\x10\x08\x00\x00\x00 \x07\x00\x01\x00\x00\x00\x00\x00\x00\x00\x02 '	b'SONY DSC \x00\x00\x00^\x00\x03\x10\x04\x00\x10\x00\x00\x00\x10\x08\x00\x00\x00 \x07\x00\x01\x00\x00\x00\x00\x00\x00\x00\x02 '	b'SONY DSC \x00\x00\x00^\x00\x03\x10\x04\x00\x10\x00\x00\x00\x10\x08\x00\x00\x00 \x07\x00\x01\x00\x00\x00\x00\x00\x00\x00\x02 '	b'SONY DSC \x00\x00\x00^\x00\x03\x10\x04\x00\x10\x00\x00\x00\x10\x08\x00\x00\x00 \x07\x00\x01\x00\x00\x00\x00\x00\x00\x00\x02 '	b'SONY DSC \x00\x00\x00^\x00\x03\x10\x04\x00\x10\x00\x00\x00\x10\x08\x00\x00\x00 \x07\x00\x01\x00\x00\x00\x00\x00\x00\x00\x02 '	b'SONY DSC \x00\x00\x00^\x00\x03\x10\x04\x00\x10\x00\x00\x00\x10\x08\x00\x00\x00 \x07\x00\x01\x00\x00\x00\x00\x00\x00\x00\x02 '	b'SONY DSC \x00\x00\x00^\x00\x03\x10\x04\x00\x10\x00\x00\x00\x10\x08\x00\x00\x00 \x07\x00\x01\x00\x00\x00\x00\x00\x00\x00\x02 '	b'SONY DSC \x00\x00\x00^\x00\x03\x10\x04\x00\x10\x00\x00\x00\x10\x08\x00\x00\x00 \x07\x00\x01\x00\x00\x00\x00\x00\x00\x00\x02 '	b'SONY DSC \x00\x00\x00^\x00\x03\x10\x04\x00\x10\x00\x00\x00\x10\x08\x00\x00\x00 \x07\x00\x01\x00\x00\x00\x00\x00\x00\x00\x02 '	b'SONY DSC \x00\x00\x00^\x00\x03\x10\x04\x00\x10\x00\x00\x00\x10\x08\x00\x00\x00 \x07\x00\x01\x00\x00\x00\x00\x00\x00\x00\x02 '	b'SONY DSC \x00\x00\x00^\x00\x03\x10\x04\x00\x10\x00\x00\x00\x10\x08\x00\x00\x00 \x07\x00\x01\x00\x00\x00\x00\x00\x00\x00\x02 '	b'SONY DSC \x00\x00\x00^\x00\x03\x10\x04\x00\x10\x00\x00\x00\x10\x08\x00\x00\x00 \x07\x00\x01\x00\x00\x00\x00\x00\x00\x00\x02 '	b'SONY DSC \x00\x00\x00^\x00\x03\x10\x04\x00\x10\x00\x00\x00\x10\x08\x00\x00\x00 \x07\x00\x01\x00\x00\x00\x00\x00\x00\x00\x02 '	b'SONY DSC \x00\x00\x00^\x00\x03\x10\x04\x00\x10\x00\x00\x00\x10\x08\x00\x00\x00 \x07\x00\x01\x00\x00\x00\x00\x00\x00\x00\x02 '	b'SONY DSC \x00\x00\x00^\x00\x03\x10\x04\x00\x10\x00\x00\x00\x10\x08\x00\x00\x00 \x07\x00\x01\x00\x00\x00\x00\x00\x00\x00\x02 '	b'SONY DSC \x00\x00\x00^\x00\x03\x10\x04\x00\x10\x00\x00\x00\x10\x08\x00\x00\x00 \x07\x00\x01\x00\x00\x00\x00\x00\x00\x00\x02 '	b'SONY DSC \x00\x00\x00^\x00\x03\x10\x04\x00\x10\x00\x00\x00\x10\x08\x00\x00\x00 \x07\x00\x01\x00\x00\x00\x00\x00\x00\x00\x02 '	b'SONY DSC \x00\x00\x00^\x00\x03\x10\x04\x00\x10\x00\x00\x00\x10\x08\x00\x00\x00 \x07\x00\x01\x00\x00\x00\x00\x00\x00\x00\x02 '	b'SONY DSC \x00\x00\x00^\x00\x03\x10\x04\x00\x10\x00\x00\x00\x10\x08\x00\x00\x00 \x07\x00\x01\x00\x00\x00\x00\x00\x00\x00\x02 '	b'SONY DSC \x00\x00\x00^\x00\x03\x10\x04\x00\x10\x00\x00\x00\x10\x08\x00\x00\x00 \x07\x00\x01\x00\x00\x00\x00\x00\x00\x00\x02 '	b'SONY DSC \x00\x00\x00^\x00\x03\x10\x04\x00\x10\x00\x00\x00\x10\x08\x00\x00\x00 \x07\x00\x01\x00\x00\x00\x00\x00\x00\x00\x02 '	b'SONY DSC \x00\x00\x00^\x00\x03\x10\x04\x00\x10\x00\x00\x00\x10\x08\x00\x00\x00 \x07\x00\x01\x00\x00\x00\x00\x00\x00\x00\x02 '	b'SONY DSC \x00\x00\x00^\x00\x03\x10\x04\x00\x10\x00\x00\x00\x10\x08\x00\x00\x00 \x07\x00\x01\x00\x00\x00\x00\x00\x00\x00\x02 '	b'SONY DSC \x00\x00\x00^\x00\x03\x10\x04\x00\x10\x00\x00\x00\x10\x08\x00\x00\x00 \x07\x00\x01\x00\x00\x00\x00\x00\x00\x00\x02 '	b'SONY DSC \x00\x00\x00^\x00\x03\x10\x04\x00\x10\x00\x00\x00\x10\x08\x00\x00\x00 \x07\x00\x01\x00\x00\x00\x00\x00\x00\x00\x02 '	b'SONY DSC \x00\x00\x00^\x00\x03\x10\x04\x00\x10\x00\x00\x00\x10\x08\x00\x00\x00 \x07\x00\x01\x00\x00\x00\x00\x00\x00\x00\x02 '	b'SONY DSC \x00\x00\x00^\x00\x03\x10\x04\x00\x10\x00\x00\x00\x10\x08\x00\x00\x00 \x07\x00\x01\x00\x00\x00\x00\x00\x00\x00\x02 '	b'SONY DSC \x00\x00\x00^\x00\x03\x10\x04\x00\x10\x00\x00\x00\x10\x08\x00\x00\x00 \x07\x00\x01\x00\x00\x00\x00\x00\x00\x00\x02 '	b'SONY DSC \x00\x00\x00^\x00\x03\x10\x04\x00\x10\x00\x00\x00\x10\x08\x00\x00\x00 \x07\x00\x01\x00\x00\x00\x00\x00\x00\x00\x02 '	b'SONY DSC \x00\x00\x00^\x00\x03\x10\x04\x00\x10\x00\x00\x00\x10\x08\x00\x00\x00 \x07\x00\x01\x00\x00\x00\x00\x00\x00\x00\x02 '
GPSInfo	Na	Na	Na	Na	{1: 'N', 2: ((18, 1), (56, 1), (82653, 2500)), 3: 'E', 4: ((73, 1), (1, 1), (273201, 12500)), 6: (4897, 50)}	{1: 'N', 2: ((18, 1), (56, 1), (170301, 5000)), 3: 'E', 4: ((73, 1), (1, 1), (67614, 3125)), 6: (9861, 100)}	{1: 'N', 2: ((18, 1), (56, 1), (437673, 12500)), 3: 'E', 4: ((73, 1), (1, 1), (540993, 25000)), 6: (197, 2)}	{1: 'N', 2: ((18, 1), (56, 1), (112377, 3125)), 3: 'E', 4: ((73, 1), (1, 1), (21149600, 977481)), 6: (993, 10)}	{1: 'N', 2: ((18, 1), (56, 1), (230667, 6250)), 3: 'E', 4: ((73, 1), (1, 1), (107961, 5000)), 6: (503, 5)}	{1: 'N', 2: ((18, 1), (56, 1), (948057, 25000)), 3: 'E', 4: ((73, 1), (1, 1), (268701, 12500)), 6: (2057, 20)}	{1: 'N', 2: ((18, 1), (56, 1), (242907, 6250)), 3: 'E', 4: ((73, 1), (1, 1), (534207, 25000)), 6: (10221, 100)}	{1: 'N', 2: ((18, 1), (56, 1), (497829, 12500)), 3: 'E', 4: ((73, 1), (1, 1), (529491, 25000)), 6: (10029, 100)}	{1: 'N', 2: ((18, 1), (56, 1), (20397, 500)), 3: 'E', 4: ((73, 1), (1, 1), (262617, 12500)), 6: (10213, 100)}	{1: 'N', 2: ((18, 1), (56, 1), (130404, 3125)), 3: 'E', 4: ((73, 1), (1, 1), (260871, 12500)), 6: (10213, 100)}	{1: 'N', 2: ((18, 1), (56, 1), (1068027, 25000)), 3: 'E', 4: ((73, 1), (1, 1), (258639, 12500)), 6: (10257, 100)}	{1: 'N', 2: ((18, 1), (56, 1), (273183, 6250)), 3: 'E', 4: ((73, 1), (1, 1), (128253, 6250)), 6: (2496, 25)}	{1: 'N', 2: ((18, 1), (56, 1), (1115943, 25000)), 3: 'E', 4: ((73, 1), (1, 1), (509223, 25000)), 6: (9869, 100)}	{1: 'N', 2: ((18, 1), (56, 1), (569703, 12500)), 3: 'E', 4: ((73, 1), (1, 1), (63258, 3125)), 6: (2441, 25)}	{1: 'N', 2: ((18, 1), (56, 1), (145353, 3125)), 3: 'E', 4: ((73, 1), (1, 1), (25161, 1250)), 6: (1969, 20)}	{1: 'N', 2: ((18, 1), (56, 1), (1186341, 25000)), 3: 'E', 4: ((73, 1), (1, 1), (62556, 3125)), 6: (9771, 100)}	{1: 'N', 2: ((18, 1), (56, 1), (151392, 3125)), 3: 'E', 4: ((73, 1), (1, 1), (248847, 12500)), 6: (10053, 100)}	{1: 'N', 2: ((18, 1), (56, 1), (617871, 12500)), 3: 'E', 4: ((73, 1), (1, 1), (493437, 25000)), 6: (1973, 20)}	{1: 'N', 2: ((18, 1), (56, 1), (157548, 3125)), 3: 'E', 4: ((73, 1), (1, 1), (19173224, 982559)), 6: (9777, 100)}	{1: 'N', 2: ((18, 1), (56, 1), (1283451, 25000)), 3: 'E', 4: ((73, 1), (1, 1), (120819, 6250)), 6: (197, 2)}	{1: 'N', 2: ((18, 1), (56, 1), (1306941, 25000)), 3: 'E', 4: ((73, 1), (1, 1), (479919, 25000)), 6: (9693, 100)}	{1: 'N', 2: ((18, 1), (56, 1), (666057, 12500)), 3: 'E', 4: ((73, 1), (1, 1), (237831, 12500)), 6: (2429, 25)}	{1: 'N', 2: ((18, 1), (56, 1), (1355289, 25000)), 3: 'E', 4: ((73, 1), (1, 1), (471567, 25000)), 6: (1987, 20)}	{1: 'N', 2: ((18, 1), (56, 1), (347127, 6250)), 3: 'E', 4: ((73, 1), (1, 1), (532209, 25000)), 6: (9749, 100)}	{1: 'N', 2: ((18, 1), (56, 1), (343887, 6250)), 3: 'E', 4: ((73, 1), (1, 1), (553359, 25000)), 6: (4847, 50)}	{1: 'N', 2: ((18, 1), (56, 1), (1352661, 25000)), 3: 'E', 4: ((73, 1), (1, 1), (565419, 25000)), 6: (9811, 100)}	{1: 'N', 2: ((18, 1), (56, 1), (664293, 12500)), 3: 'E', 4: ((73, 1), (1, 1), (113217, 5000)), 6: (9913, 100)}	{1: 'N', 2: ((18, 1), (56, 1), (1303179, 25000)), 3: 'E', 4: ((73, 1), (1, 1), (28221, 1250)), 6: (2457, 25)}	{1: 'N', 2: ((18, 1), (56, 1), (319893, 6250)), 3: 'E', 4: ((73, 1), (1, 1), (22289240, 990089)), 6: (4933, 50)}	{1: 'N', 2: ((18, 1), (56, 1), (1254993, 25000)), 3: 'E', 4: ((73, 1), (1, 1), (563007, 25000)), 6: (1971, 20)}	{1: 'N', 2: ((18, 1), (56, 1), (1229847, 25000)), 3: 'E', 4: ((73, 1), (1, 1), (565347, 25000)), 6: (9847, 100)}	{1: 'N', 2: ((18, 1), (56, 1), (603291, 12500)), 3: 'E', 4: ((73, 1), (1, 1), (142131, 6250)), 6: (9913, 100)}	{1: 'N', 2: ((18, 1), (56, 1), (1182831, 25000)), 3: 'E', 4: ((73, 1), (1, 1), (571323, 25000)), 6: (9973, 100)}	{1: 'N', 2: ((18, 1), (56, 1), (1158603, 25000)), 3: 'E', 4: ((73, 1), (1, 1), (22825003, 993987)), 6: (9989, 100)}	{1: 'N', 2: ((18, 1), (56, 1), (1133331, 25000)), 3: 'E', 4: ((73, 1), (1, 1), (577119, 25000)), 6: (9963, 100)}	{1: 'N', 2: ((18, 1), (56, 1), (276873, 6250)), 3: 'E', 4: ((73, 1), (1, 1), (580917, 25000)), 6: (2007, 20)}	{1: 'N', 2: ((18, 1), (56, 1), (135336, 3125)), 3: 'E', 4: ((73, 1), (1, 1), (23211856, 994157)), 6: (10231, 100)}	{1: 'N', 2: ((18, 1), (56, 1), (528807, 12500)), 3: 'E', 4: ((73, 1), (1, 1), (586929, 25000)), 6: (4949, 50)}	{1: 'N', 2: ((18, 1), (56, 1), (1031973, 25000)), 3: 'E', 4: ((73, 1), (1, 1), (23486423, 992511)), 6: (389, 4)}	{1: 'N', 2: ((18, 1), (56, 1), (503589, 12500)), 3: 'E', 4: ((73, 1), (1, 1), (59691, 2500)), 6: (483, 5)}	{1: 'N', 2: ((18, 1), (56, 1), (491259, 12500)), 3: 'E', 4: ((73, 1), (1, 1), (601401, 25000)), 6: (4897, 50)}	{1: 'N', 2: ((18, 1), (56, 1), (958983, 25000)), 3: 'E', 4: ((73, 1), (1, 1), (23764972, 980709)), 6: (1981, 20)}	{1: 'N', 2: ((18, 1), (56, 1), (187041, 5000)), 3: 'E', 4: ((73, 1), (1, 1), (60951, 2500)), 6: (2472, 25)}	{1: 'N', 2: ((18, 1), (56, 1), (911139, 25000)), 3: 'E', 4: ((73, 1), (1, 1), (613407, 25000)), 6: (4917, 50)}	{1: 'N', 2: ((18, 1), (56, 1), (887433, 25000)), 3: 'E', 4: ((73, 1), (1, 1), (616899, 25000)), 6: (9787, 100)}	{1: 'N', 2: ((18, 1), (56, 1), (863889, 25000)), 3: 'E', 4: ((73, 1), (1, 1), (620247, 25000)), 6: (2414, 25)}	{1: 'N', 2: ((18, 1), (56, 1), (419979, 12500)), 3: 'E', 4: ((73, 1), (1, 1), (24736763, 990899)), 6: (4841, 50)}	{1: 'N', 2: ((18, 1), (56, 1), (791331, 25000)), 3: 'E', 4: ((73, 1), (1, 1), (17463, 625)), 6: (4859, 50)}	Na	Na	Na	{1: 'N', 2: ((18, 1), (56, 1), (88323, 2500)), 3: 'E', 4: ((73, 1), (1, 1), (139227, 5000)), 6: (4973, 50)}	{1: 'N', 2: ((18, 1), (56, 1), (906333, 25000)), 3: 'E', 4: ((73, 1), (1, 1), (6879, 250)), 6: (9889, 100)}	{1: 'N', 2: ((18, 1), (56, 1), (930813, 25000)), 3: 'E', 4: ((73, 1), (1, 1), (170823, 6250)), 6: (9933, 100)}	{1: 'N', 2: ((18, 1), (56, 1), (955797, 25000)), 3: 'E', 4: ((73, 1), (1, 1), (170067, 6250)), 6: (9911, 100)}	{1: 'N', 2: ((18, 1), (56, 1), (490629, 12500)), 3: 'E', 4: ((73, 1), (1, 1), (169329, 6250)), 6: (9967, 100)}	{1: 'N', 2: ((18, 1), (56, 1), (1006323, 25000)), 3: 'E', 4: ((73, 1), (1, 1), (337659, 12500)), 6: (2442, 25)}	{1: 'N', 2: ((18, 1), (56, 1), (1031307, 25000)), 3: 'E', 4: ((73, 1), (1, 1), (672537, 25000)), 6: (9753, 100)}	{1: 'N', 2: ((18, 1), (56, 1), (263967, 6250)), 3: 'E', 4: ((73, 1), (1, 1), (167637, 6250)), 6: (10189, 100)}	{1: 'N', 2: ((18, 1), (56, 1), (540039, 12500)), 3: 'E', 4: ((73, 1), (1, 1), (668217, 25000)), 6: (10047, 100)}	{1: 'N', 2: ((18, 1), (56, 1), (1104351, 25000)), 3: 'E', 4: ((73, 1), (1, 1), (82932, 3125)), 6: (205, 2)}	Na	{1: 'N', 2: ((18, 1), (56, 1), (1153383, 25000)), 3: 'E', 4: ((73, 1), (1, 1), (655437, 25000)), 6: (2428, 25)}	{1: 'N', 2: ((18, 1), (56, 1), (1178259, 25000)), 3: 'E', 4: ((73, 1), (1, 1), (5199, 200)), 6: (9503, 100)}	{1: 'N', 2: ((18, 1), (56, 1), (60087, 1250)), 3: 'E', 4: ((73, 1), (1, 1), (321837, 12500)), 6: (2398, 25)}	{1: 'N', 2: ((18, 1), (56, 1), (306339, 6250)), 3: 'E', 4: ((73, 1), (1, 1), (320451, 12500)), 6: (9873, 100)}	{1: 'N', 2: ((18, 1), (56, 1), (312351, 6250)), 3: 'E', 4: ((73, 1), (1, 1), (318849, 12500)), 6: (10101, 100)}	{1: 'N', 2: ((18, 1), (56, 1), (637563, 12500)), 3: 'E', 4: ((73, 1), (1, 1), (634917, 25000)), 6: (10219, 100)}	{1: 'N', 2: ((18, 1), (56, 1), (1298607, 25000)), 3: 'E', 4: ((73, 1), (1, 1), (25244207, 996709)), 6: (2591, 25)}	{1: 'N', 2: ((18, 1), (56, 1), (661503, 12500)), 3: 'E', 4: ((73, 1), (1, 1), (631191, 25000)), 6: (415, 4)}	{1: 'N', 2: ((18, 1), (56, 1), (674103, 12500)), 3: 'E', 4: ((73, 1), (1, 1), (62787, 2500)), 6: (2542, 25)}	{1: 'N', 2: ((18, 1), (56, 1), (1371579, 25000)), 3: 'E', 4: ((73, 1), (1, 1), (62499, 2500)), 6: (2449, 25)}	{1: 'N', 2: ((18, 1), (56, 1), (70113, 1250)), 3: 'E', 4: ((73, 1), (1, 1), (343167, 12500)), 6: (193, 2)}	{1: 'N', 2: ((18, 1), (56, 1), (693957, 12500)), 3: 'E', 4: ((73, 1), (1, 1), (70887, 2500)), 6: (4749, 50)}	{1: 'N', 2: ((18, 1), (56, 1), (170823, 3125)), 3: 'E', 4: ((73, 1), (1, 1), (359709, 12500)), 6: (4733, 50)}	{1: 'N', 2: ((18, 1), (56, 1), (671061, 12500)), 3: 'E', 4: ((73, 1), (1, 1), (360231, 12500)), 6: (2422, 25)}	{1: 'N', 2: ((18, 1), (56, 1), (659379, 12500)), 3: 'E', 4: ((73, 1), (1, 1), (89736, 3125)), 6: (4931, 50)}	{1: 'N', 2: ((18, 1), (56, 1), (1294917, 25000)), 3: 'E', 4: ((73, 1), (1, 1), (28434203, 993829)), 6: (9867, 100)}	{1: 'N', 2: ((18, 1), (56, 1), (1269897, 25000)), 3: 'E', 4: ((73, 1), (1, 1), (142989, 5000)), 6: (9961, 100)}	{1: 'N', 2: ((18, 1), (56, 1), (1244391, 25000)), 3: 'E', 4: ((73, 1), (1, 1), (715233, 25000)), 6: (2521, 25)}	{1: 'N', 2: ((18, 1), (56, 1), (304827, 6250)), 3: 'E', 4: ((73, 1), (1, 1), (71733, 2500)), 6: (10177, 100)}	{1: 'N', 2: ((18, 1), (56, 1), (149412, 3125)), 3: 'E', 4: ((73, 1), (1, 1), (720651, 25000)), 6: (10033, 100)}	{1: 'N', 2: ((18, 1), (56, 1), (146424, 3125)), 3: 'E', 4: ((73, 1), (1, 1), (724953, 25000)), 6: (9999, 100)}	{1: 'N', 2: ((18, 1), (56, 1), (573933, 12500)), 3: 'E', 4: ((73, 1), (1, 1), (364173, 12500)), 6: (5039, 50)}	{1: 'N', 2: ((18, 1), (56, 1), (28104, 625)), 3: 'E', 4: ((73, 1), (1, 1), (731217, 25000)), 6: (4973, 50)}	{1: 'N', 2: ((18, 1), (56, 1), (137541, 3125)), 3: 'E', 4: ((73, 1), (1, 1), (14721, 500)), 6: (2472, 25)}	{1: 'N', 2: ((18, 1), (56, 1), (134589, 3125)), 3: 'E', 4: ((73, 1), (1, 1), (74037, 2500)), 6: (195, 2)}	{1: 'N', 2: ((18, 1), (56, 1), (1053033, 25000)), 3: 'E', 4: ((73, 1), (1, 1), (93048, 3125)), 6: (9671, 100)}	{1: 'N', 2: ((18, 1), (56, 1), (200793, 5000)), 3: 'E', 4: ((73, 1), (1, 1), (375063, 12500)), 6: (1977, 20)}	{1: 'N', 2: ((18, 1), (56, 1), (195843, 5000)), 3: 'E', 4: ((73, 1), (1, 1), (376773, 12500)), 6: (1999, 20)}	{1: 'N', 2: ((18, 1), (56, 1), (954483, 25000)), 3: 'E', 4: ((73, 1), (1, 1), (756921, 25000)), 6: (2544, 25)}	{1: 'N', 2: ((18, 1), (56, 1), (929859, 25000)), 3: 'E', 4: ((73, 1), (1, 1), (760719, 25000)), 6: (2532, 25)}	{1: 'N', 2: ((18, 1), (56, 1), (904857, 25000)), 3: 'E', 4: ((73, 1), (1, 1), (765291, 25000)), 6: (2536, 25)}	{1: 'N', 2: ((18, 1), (56, 1), (109992, 3125)), 3: 'E', 4: ((73, 1), (1, 1), (30170269, 980141)), 6: (5151, 50)}	{1: 'N', 2: ((18, 1), (56, 1), (855897, 25000)), 3: 'E', 4: ((73, 1), (1, 1), (386727, 12500)), 6: (2537, 25)}
